amenity,x_meters,y_meters,latitude,longitude,kmeans_cluster,dbscan_cluster
fast_food,-9338123.104764957,4299915.913922384,35.9948729,-83.8857871,1,-1
grave_yard,-9336200.427915823,4298645.527988301,35.9856392,-83.8685154,1,-1
school,-9344147.637683045,4293143.834301553,35.9456381,-83.9399064,3,0
school,-9342725.119306047,4290585.081095172,35.9270273,-83.9271277,3,-1
place_of_worship,-9348074.922526538,4293869.4657315165,35.9509151,-83.9751858,0,5
school,-9363629.372336099,4289935.534567312,35.9223022,-84.1149138,2,-1
school,-9347827.526090197,4293487.51656744,35.9481375,-83.9729634,0,5
place_of_worship,-9351878.653867196,4302926.046977667,36.0167475,-84.0093553,4,-1
place_of_worship,-9347326.254423156,4301384.1759073455,36.0055435,-83.9684604,4,8
place_of_worship,-9336633.338283569,4297460.920480037,35.977028,-83.8724043,3,-1
school,-9338272.306278467,4299180.495374417,35.9895277,-83.8871274,1,-1
place_of_worship,-9353764.86245115,4295588.403178423,35.9634143,-84.0262994,0,-1
place_of_worship,-9355089.742502773,4292625.127600362,35.9418657,-84.038201,0,-1
school,-9343807.72361791,4305984.992295638,36.0389706,-83.9368529,1,1
grave_yard,-9357197.343290012,4294595.090622686,35.9561917,-84.0571339,0,-1
grave_yard,-9347580.330028942,4304034.83233271,36.0248035,-83.9707428,4,-1
doctors,-9342803.911241628,4297595.288355105,35.9780048,-83.9278355,3,0
school,-9342168.688831314,4301702.97734962,36.0078602,-83.9221292,1,-1
place_of_worship,-9335860.124232467,4289707.004484906,35.9206397,-83.8654584,3,-1
place_of_worship,-9351352.80285659,4294595.186888158,35.9561924,-84.0046315,0,-1
place_of_worship,-9351729.363298096,4295781.324787268,35.964817,-84.0080142,0,-1
place_of_worship,-9348940.74326203,4291768.787723981,35.9356374,-83.9829636,0,5
place_of_worship,-9338705.372493502,4305526.242089878,36.0356382,-83.8910177,1,-1
place_of_worship,-9352187.776961181,4297154.898623801,35.9748033,-84.0121322,4,-1
place_of_worship,-9336902.608999848,4304416.423303457,36.0275758,-83.8748232,1,-1
school,-9350827.174484963,4298950.917738943,35.987859,-83.9999097,4,-1
place_of_worship,-9347867.04450943,4299366.60169329,35.9908804,-83.9733184,4,-1
grave_yard,-9349806.786636502,4303193.681088184,36.0186921,-83.9907434,4,-1
place_of_worship,-9356331.489158675,4294747.906258045,35.9573029,-84.0493558,0,-1
grave_yard,-9355341.925677218,4293716.552443983,35.9498031,-84.0404664,0,-1
place_of_worship,-9350765.392167572,4302237.957871067,36.0117477,-83.9993547,4,-1
place_of_worship,-9335643.808197958,4298339.816662321,35.983417,-83.8635152,1,-1
school,-9346250.518523876,4298224.946708152,35.982582,-83.9587969,4,-1
nursing_home,-9355221.56704377,4292301.972808957,35.9395154,-84.0393852,0,-1
school,-9339547.092559235,4293249.685190837,35.9464079,-83.898579,3,-1
school,-9340344.128981367,4296811.279111343,35.9723052,-83.9057389,3,-1
place_of_worship,-9356857.1397942,4290852.108749221,35.9289697,-84.0540778,0,-1
place_of_worship,-9358712.535143098,4290088.353423581,35.9234139,-84.0707451,2,-1
place_of_worship,-9335087.244139839,4301473.786692708,36.0061947,-83.8585155,1,-1
place_of_worship,-9349255.977796057,4302508.107256227,36.0137107,-83.9857954,4,-1
place_of_worship,-9353764.84018725,4294786.15176016,35.957581,-84.0262992,0,-1
place_of_worship,-9343065.567704739,4305717.33058463,36.0370263,-83.930186,1,1
school,-9343048.313183665,4299918.982168961,35.9948952,-83.930031,1,-1
place_of_worship,-9343530.404502444,4296238.108932565,35.9681381,-83.9343617,3,-1
place_of_worship,-9338767.177074788,4303576.247205529,36.0214717,-83.8915729,1,-1
school,-9355682.106909132,4295359.162793424,35.9617475,-84.0435223,0,-1
place_of_worship,-9342137.76427677,4301397.1936444035,36.0056381,-83.9218514,1,-1
school,-9349828.137714837,4291963.401373132,35.9370529,-83.9909352,0,5
place_of_worship,-9344773.40906859,4297067.82696092,35.9741703,-83.9455278,3,-1
place_of_worship,-9345972.175269095,4296276.249647962,35.9684154,-83.9562965,3,-1
place_of_worship,-9337251.851638313,4299600.907303883,35.9925834,-83.8779605,1,-1
place_of_worship,-9338581.607483637,4302620.490281013,36.0145273,-83.8899059,1,-1
place_of_worship,-9342385.093921417,4297728.268519043,35.9789715,-83.9240732,3,0
place_of_worship,-9337406.518938823,4302582.299739708,36.0142498,-83.8793499,1,-1
place_of_worship,-9337035.390888467,4300288.856705701,35.9975834,-83.876016,1,-1
place_of_worship,-9343776.665479977,4299027.493523256,35.9884156,-83.9365739,1,-1
place_of_worship,-9348507.855158182,4294404.239125246,35.9548039,-83.9790749,0,-1
place_of_worship,-9339509.232800417,4299180.46785838,35.9895275,-83.8982389,1,-1
school,-9334252.314563042,4301703.156245448,36.0078615,-83.8510152,1,-1
place_of_worship,-9337066.359970806,4302200.030151588,36.0114721,-83.8762942,1,-1
place_of_worship,-9340931.728913518,4300097.671191207,35.9961939,-83.9110174,1,-1
place_of_worship,-9337406.441015178,4299027.644859333,35.9884167,-83.8793492,1,-1
place_of_worship,-9344259.78093807,4300207.9103152985,35.9969951,-83.9409138,1,-1
place_of_worship,-9345044.572216215,4301855.8242692845,36.0089709,-83.9479637,4,-1
place_of_worship,-9343436.461984163,4297002.255444434,35.9736936,-83.9335178,3,-1
place_of_worship,-9339581.490281891,4302262.5504073575,36.0119264,-83.898888,1,-1
place_of_worship,-9340959.425202828,4292570.252618733,35.9414666,-83.9112662,3,-1
place_of_worship,-9342941.73590318,4298989.315625782,35.9881381,-83.9290736,1,-1
place_of_worship,-9340220.441895146,4297422.638045243,35.9767497,-83.9046278,3,-1
place_of_worship,-9339355.934729645,4298660.881191674,35.9857508,-83.8968618,1,-1
place_of_worship,-9349250.077863047,4298645.2253268035,35.985637,-83.9857424,4,-1
place_of_worship,-9343812.243189234,4305564.36040334,36.0359151,-83.9368935,1,1
place_of_worship,-9341704.731457585,4295130.229810316,35.9600829,-83.9179614,3,0
place_of_worship,-9344920.840602197,4300326.901580179,35.9978599,-83.9468522,4,-1
place_of_worship,-9342146.246821972,4297012.172990526,35.9737657,-83.9219276,3,0
place_of_worship,-9346734.390954506,4293193.679519107,35.9460006,-83.9631436,3,-1
place_of_worship,-9354970.808758812,4291730.484098656,35.9353588,-84.0371326,0,-1
school,-9342199.557726111,4298530.737342255,35.9848048,-83.9224065,3,0
place_of_worship,-9342972.649325773,4299142.179359069,35.9892492,-83.9293513,1,-1
place_of_worship,-9336695.2207885,4299524.478816887,35.9920279,-83.8729602,1,-1
place_of_worship,-9342137.708617028,4298683.594617494,35.9859159,-83.9218509,1,0
school,-9343498.51146833,4306290.932920463,36.0411929,-83.9340752,1,1
place_of_worship,-9346714.364578113,4298072.082134447,35.9814708,-83.9629637,4,-1
place_of_worship,-9337252.007485602,4306596.992319295,36.043416,-83.8779619,1,-1
place_of_worship,-9357474.862780562,4289687.457653655,35.9204975,-84.0596269,0,-1
place_of_worship,-9341271.876749586,4299295.086519768,35.9903606,-83.914073,1,-1
place_of_worship,-9342508.803271536,4298760.03094106,35.9864715,-83.9251845,1,0
place_of_worship,-9340292.532397382,4297928.5328139225,35.9804273,-83.9052754,3,-1
place_of_worship,-9336849.843561213,4300288.856705701,35.9975834,-83.8743492,1,-1
place_of_worship,-9339014.439927738,4297308.025396737,35.9759165,-83.8937941,3,-1
place_of_worship,-9346776.280478891,4301970.45743185,36.0098039,-83.9635199,4,8
place_of_worship,-9338921.610604366,4293793.297593813,35.9503612,-83.8929602,3,-1
place_of_worship,-9341519.117338639,4291157.925609275,35.9311942,-83.916294,3,-1
place_of_worship,-9346497.981751908,4302429.194865565,36.0131373,-83.9610199,4,-1
school,-9346312.423292704,4301970.45743185,36.0098039,-83.959353,4,-1
place_of_worship,-9339416.45913679,4298530.806128233,35.9848053,-83.8974055,1,-1
place_of_worship,-9343374.690798722,4300670.921362068,36.0003601,-83.9329629,1,-1
place_of_worship,-9338086.758951213,4298530.833642625,35.9848055,-83.8854606,1,-1
place_of_worship,-9345910.35955586,4298454.233847768,35.9842487,-83.9557412,4,-1
school,-9345786.661337689,4298377.799677454,35.9836931,-83.95463,4,-1
place_of_worship,-9336169.592416873,4302849.925368665,36.0161944,-83.8682384,1,-1
place_of_worship,-9346590.59956825,4294251.497083313,35.9536932,-83.9618519,3,-1
place_of_worship,-9337128.153420145,4300288.856705701,35.9975834,-83.8768493,1,-1
place_of_worship,-9335860.280079754,4298951.261682148,35.9878615,-83.8654598,1,-1
place_of_worship,-9339880.28292713,4296811.292866359,35.9723053,-83.9015721,3,-1
place_of_worship,-9342013.87681547,4290355.9874839075,35.9253608,-83.9207385,3,-1
place_of_worship,-9343622.031575317,4298416.071723538,35.9839713,-83.9351848,3,-1
school,-9349713.96844508,4300517.898497322,35.999248,-83.9899096,4,-1
place_of_worship,-9340641.39654958,4298472.379475892,35.9843806,-83.9084093,1,-1
place_of_worship,-9338488.767028315,4298912.973991367,35.9875832,-83.8890719,1,-1
place_of_worship,-9340211.603127576,4298145.749053655,35.9820063,-83.9045484,3,-1
school,-9354259.677587725,4298836.206408806,35.9870252,-84.0307444,4,-1
place_of_worship,-9352867.93904993,4287721.256224305,35.9061924,-84.0182422,0,-1
place_of_worship,-9345037.091546433,4299949.21063563,35.9951149,-83.9478965,4,-1
place_of_worship,-9342570.66351257,4300403.390756787,35.9984158,-83.9257402,1,-1
school,-9340158.826556992,4307706.015478765,36.051471,-83.9040743,1,-1
place_of_worship,-9341395.552703857,4298263.273242771,35.9828606,-83.915184,3,-1
place_of_worship,-9342106.917645874,4304646.708519797,36.0292488,-83.9215743,1,1
school,-9342014.143982247,4304646.72228475,36.0292489,-83.9207409,1,1
place_of_worship,-9336571.611625925,4303423.376042041,36.020361,-83.8718498,1,-1
place_of_worship,-9339787.52039545,4297537.279415529,35.9775831,-83.9007388,3,-1
place_of_worship,-9344009.846417341,4303752.216185031,36.0227502,-83.9386686,1,-1
place_of_worship,-9345384.653260589,4297957.476386148,35.9806377,-83.9510187,3,-1
place_of_worship,-9346126.831437655,4298645.307870847,35.9856376,-83.9576858,4,-1
place_of_worship,-9338488.856083907,4303002.788449862,36.0173051,-83.8890727,1,-1
place_of_worship,-9340282.41345567,4303499.749418705,36.0209159,-83.9051845,1,-1
place_of_worship,-9345755.71451925,4296925.79023025,35.9731377,-83.954352,3,-1
place_of_worship,-9348419.779177066,4301621.09841436,36.0072652,-83.9782837,4,8
place_of_worship,-9341735.733935773,4300250.523017712,35.9973048,-83.9182399,1,-1
school,-9355187.280640606,4291539.517930685,35.9339698,-84.0390772,0,-1
place_of_worship,-9347491.73084622,4296946.051602615,35.973285,-83.9699469,4,-1
place_of_worship,-9345256.780561512,4297559.7979070805,35.9777468,-83.94987,3,-1
school,-9346126.78690986,4296123.4262613505,35.9673043,-83.9576854,3,-1
place_of_worship,-9347318.272815667,4295405.868685285,35.9620871,-83.9683887,3,-1
place_of_worship,-9343343.721716383,4298110.380616051,35.9817492,-83.9326847,3,-1
place_of_worship,-9339818.344762452,4292036.325675558,35.9375833,-83.9010157,3,2
place_of_worship,-9339818.3336305,4291196.144729345,35.9314722,-83.9010156,3,2
school,-9346930.947779402,4304302.493806507,36.0267481,-83.9649093,4,-1
school,-9338272.395334061,4303308.631181467,36.0195273,-83.8871282,1,-1
school,-9335860.146496367,4290852.548668395,35.9289729,-83.8654586,3,-1
school,-9341148.211927265,4300709.201495359,36.0006383,-83.9129621,1,-1
school,-9336726.145343043,4300135.990580031,35.9964724,-83.873238,1,-1
school,-9343374.657402875,4299065.726586508,35.9886935,-83.9329626,1,-1
school,-9348971.69008047,4293984.055849566,35.9517484,-83.9832416,0,5
school,-9339632.76403935,4289439.620077216,35.9186945,-83.8993486,3,-1
place_of_worship,-9346016.602877872,4293657.684152302,35.949375,-83.9566956,3,-1
post_office,-9340102.231727872,4291888.992691105,35.9365117,-83.9035659,3,2
parking,-9341631.115878325,4296925.047451533,35.9731323,-83.9173001,3,0
fuel,-9360655.939681418,4290911.030582261,35.9293983,-84.088203,2,-1
atm,-9360649.371831462,4290891.921506684,35.9292593,-84.088144,2,-1
restaurant,-9361339.519278532,4288900.25266508,35.9147705,-84.0943437,2,3
restaurant,-9361150.20935249,4288973.101440784,35.9153005,-84.0926431,2,3
fast_food,-9360102.49256904,4288955.782631015,35.9151745,-84.0832313,2,3
restaurant,-9360339.703271976,4289196.599032288,35.9169265,-84.0853622,2,3
pharmacy,-9359865.114886876,4288598.980052793,35.9125786,-84.0810989,2,3
bank,-9359938.262924274,4288508.51330635,35.9119204,-84.081756,2,3
bank,-9361738.421541842,4288278.59756016,35.9102476,-84.0979271,2,3
pub,-9341890.779722549,4295902.234345107,35.9656961,-83.9196327,3,0
fast_food,-9353275.746872501,4301036.308127344,36.0030155,-84.0219056,4,4
fast_food,-9353080.793048276,4301802.829203434,36.0085858,-84.0201543,4,4
bank,-9353080.793048276,4301624.882721277,36.0072927,-84.0201543,4,4
restaurant,-9353247.393798195,4301512.014614752,36.0064725,-84.0216509,4,4
restaurant,-9353099.895472895,4301489.322790207,36.0063076,-84.0203259,4,4
fast_food,-9352766.682841104,4301641.602493092,36.0074142,-84.0173326,4,4
fast_food,-9353227.089123074,4301637.41910744,36.0073838,-84.0214685,4,4
bank,-9353151.258285945,4301634.432941693,36.0073621,-84.0207873,4,4
fast_food,-9353073.624073068,4301853.594920867,36.0089547,-84.0200899,4,4
restaurant,-9353072.432954516,4301865.539830082,36.0090415,-84.0200792,4,4
fast_food,-9353015.515298873,4301315.688556404,36.0050458,-84.0195679,4,4
restaurant,-9352945.829297638,4301646.96933889,36.0074532,-84.0189419,4,4
fuel,-9353687.80709962,4301660.413987329,36.0075509,-84.0256072,4,4
fast_food,-9353913.340387968,4301548.426216503,36.0067371,-84.0276332,4,4
fast_food,-9353569.864099126,4301527.537005997,36.0065853,-84.0245477,4,4
fast_food,-9353790.221031152,4301654.730628279,36.0075096,-84.0265272,4,4
fast_food,-9353520.60522445,4301634.130196824,36.0073599,-84.0241052,4,4
fast_food,-9351220.533037629,4291790.565581205,35.9357958,-84.0034433,0,-1
loading_dock,-9342219.316935727,4295159.055901412,35.9602925,-83.922584,3,0
fast_food,-9343336.652928717,4294658.172194327,35.9566504,-83.9326212,3,0
restaurant,-9342706.005749477,4304479.493161541,36.028034,-83.926956,1,1
restaurant,-9341950.179802839,4295907.254507146,35.9657326,-83.9201663,3,0
restaurant,-9341880.916815665,4295765.466768572,35.9647017,-83.9195441,3,0
restaurant,-9341912.308912069,4295830.521927579,35.9651747,-83.9198261,3,0
restaurant,-9341906.208603973,4295817.043236836,35.9650767,-83.9197713,3,0
restaurant,-9341897.336440558,4295799.617240027,35.96495,-83.9196916,3,0
restaurant,-9341861.647411808,4295850.09356647,35.965317,-83.919371,3,0
restaurant,-9341845.79551632,4295813.1371704005,35.9650483,-83.9192286,3,0
restaurant,-9341198.851163626,4295107.688850589,35.959919,-83.913417,3,0
restaurant,-9341859.454417842,4295602.266682997,35.9635151,-83.9193513,3,0
restaurant,-9341853.187130509,4295837.041218696,35.9652221,-83.919295,3,0
bank,-9341813.857954413,4295603.875840924,35.9635268,-83.9189417,3,0
restaurant,-9353022.995968655,4287531.803508448,35.9048139,-84.0196351,0,-1
fuel,-9366540.9113539,4287350.69611936,35.9034961,-84.1410686,2,7
fast_food,-9366495.014327846,4287369.647798507,35.903634,-84.1406563,2,7
fuel,-9366544.18414693,4287409.777641446,35.903926,-84.141098,2,7
restaurant,-9350657.991122855,4307370.928448547,36.0490373,-83.9983899,4,-1
fast_food,-9349278.230562268,4292370.485826814,35.9400137,-83.9859953,0,5
restaurant,-9353089.008426694,4287460.37993529,35.9042942,-84.0202281,0,-1
cafe,-9341804.974659046,4295800.34618803,35.9649553,-83.9188619,3,0
cafe,-9341914.268135106,4295473.094714982,35.9625759,-83.9198437,3,0
restaurant,-9333237.503821073,4287891.677156075,35.9074324,-83.841899,3,6
fast_food,-9362678.136155324,4287867.914270769,35.9072595,-84.1063687,2,3
bank,-9362510.555793883,4288041.498602028,35.9085225,-84.1048633,2,3
restaurant,-9366349.37503804,4286926.896274203,35.9004123,-84.139348,2,7
boat_storage,-9342152.30260227,4294481.676736712,35.955367,-83.921982,3,0
cinema,-9341703.36222785,4295794.225777064,35.9649108,-83.9179491,3,0
parking,-9336277.527795145,4294385.646479545,35.9546687,-83.869208,3,-1
toilets,-9336029.407782117,4294632.702982873,35.9564652,-83.8669791,3,-1
toilets,-9336326.630822536,4294781.902253275,35.9575501,-83.8696491,3,-1
parking,-9338044.869426828,4296665.903311658,35.9712483,-83.8850843,3,-1
parking,-9355381.277117213,4299582.966166964,35.992453,-84.0408199,4,-1
parking,-9335961.859115103,4290820.599584603,35.9287405,-83.8663723,3,-1
parking,-9336868.645423207,4291639.482595493,35.9346969,-83.8745181,3,-1
fuel,-9352123.367503809,4292624.893855177,35.941864,-84.0115536,0,-1
bar,-9341813.835690515,4295944.224977411,35.9660014,-83.9189415,3,0
restaurant,-9341744.806474272,4295890.47479654,35.9656106,-83.9183214,3,0
restaurant,-9367079.08543214,4287205.226933356,35.9024376,-84.1459031,2,7
pub,-9341895.154578539,4295910.170328354,35.9657538,-83.919672,3,0
restaurant,-9341946.606447184,4295900.638896837,35.9656845,-83.9201342,3,0
pub,-9341768.550921658,4296528.768495837,35.9702513,-83.9185347,3,0
restaurant,-9342969.643699521,4295060.502892943,35.9595759,-83.9293243,3,0
restaurant,-9333598.991603525,4287967.707742919,35.9079856,-83.8451463,3,6
place_of_worship,-9340206.827521421,4291698.848650601,35.9351287,-83.9045055,3,2
bicycle_repair_station,-9343183.377121845,4294566.004736922,35.9559802,-83.9312443,3,0
bicycle_repair_station,-9343355.187623937,4294139.324431437,35.9528775,-83.9327877,3,0
restaurant,-9359681.682629945,4280986.668072648,35.8571753,-84.0794511,2,-1
restaurant,-9359194.025336627,4281325.419968783,35.8596416,-84.0750704,2,10
fast_food,-9359347.41246299,4281324.540900635,35.8596352,-84.0764483,2,10
ice_cream,-9367672.240206882,4287258.260774015,35.9028235,-84.1512315,2,7
restaurant,-9367737.484560438,4287242.401443435,35.9027081,-84.1518176,2,7
restaurant,-9368547.734606123,4286980.945708683,35.9008056,-84.1590962,2,7
restaurant,-9367188.790790318,4287350.916008123,35.9034977,-84.1468886,2,7
restaurant,-9367900.567614447,4287082.764963534,35.9015465,-84.1532826,2,7
fast_food,-9367348.189169183,4287154.776997387,35.9020705,-84.1483205,2,7
restaurant,-9367437.166838173,4287211.218823619,35.9024812,-84.1491198,2,7
restaurant,-9341847.643419867,4295477.316985645,35.9626066,-83.9192452,3,0
restaurant,-9341569.199977545,4295441.723432894,35.9623478,-83.9167439,3,0
restaurant,-9354536.484633531,4290414.439232453,35.925786,-84.033231,0,-1
fast_food,-9353456.28482267,4291197.368293323,35.9314811,-84.0235274,0,-1
fast_food,-9353549.114146043,4291167.411637328,35.9312632,-84.0243613,0,-1
restaurant,-9354400.2295768,4290911.745454804,35.9294035,-84.032007,0,-1
restaurant,-9354382.307138782,4290918.921677947,35.9294557,-84.031846,0,-1
post_box,-9359983.235998556,4290205.35058346,35.924265,-84.08216,2,-1
nursing_home,-9360278.343968648,4290101.838756376,35.923512,-84.084811,2,-1
restaurant,-9341694.334217146,4295819.010024341,35.965091,-83.917868,3,0
fast_food,-9361065.09446983,4289773.068086077,35.9211203,-84.0918785,2,3
clinic,-9360881.172407141,4289851.297476268,35.9216894,-84.0902263,2,3
car_rental,-9362665.10064295,4288483.003524216,35.9117348,-84.1062516,2,3
bank,-9341740.086527862,4295929.1782008875,35.965892,-83.918279,3,0
cafe,-9341759.511779007,4295918.257610141,35.9658126,-83.9184535,3,0
training,-9341694.456668587,4295772.921272309,35.9647559,-83.9178691,3,0
restaurant,-9341893.507050075,4295791.03491249,35.9648876,-83.9196572,3,0
school,-9339891.737702731,4293293.32938854,35.9467253,-83.901675,3,-1
fuel,-9332839.280606657,4287543.883855151,35.9049018,-83.8383217,3,6
restaurant,-9332923.89455161,4287429.0317727635,35.9040661,-83.8390818,3,6
dentist,-9332908.343218746,4287398.288397314,35.9038424,-83.8389421,3,6
restaurant,-9348480.715466326,4293388.676207251,35.9474187,-83.9788311,0,5
restaurant,-9348564.316403912,4301329.1190335825,36.0051434,-83.9795821,4,8
fast_food,-9348505.194622353,4301376.304725072,36.0054863,-83.979051,4,8
restaurant,-9347294.528368281,4302434.961203238,36.0131792,-83.9681754,4,8
restaurant,-9347465.804536814,4302061.958408942,36.0104688,-83.969714,4,8
restaurant,-9348594.250214987,4301416.293692799,36.0057769,-83.979851,4,8
pharmacy,-9348618.128245762,4301381.052203206,36.0055208,-83.9800655,4,8
restaurant,-9347836.743344035,4301772.265301078,36.0083637,-83.9730462,4,8
restaurant,-9347160.989507124,4302680.742154353,36.0149651,-83.9669758,4,8
restaurant,-9347373.754449878,4302295.75798887,36.0121677,-83.9688871,4,8
fast_food,-9347878.432493338,4301734.999750042,36.0080929,-83.9734207,4,8
pub,-9348610.970402503,4301400.165984021,36.0056597,-83.9800012,4,8
restaurant,-9347391.331797473,4302468.18307473,36.0134206,-83.969045,4,8
fuel,-9348186.208621483,4301682.11536392,36.0077086,-83.9761855,4,8
fuel,-9347506.335963411,4302120.486961582,36.0108941,-83.9700781,4,8
fuel,-9347132.8813357,4302738.393243689,36.015384,-83.9667233,4,8
pharmacy,-9360435.816520326,4288584.6306736,35.9124742,-84.0862256,2,3
fast_food,-9360527.254350062,4288764.741495578,35.9137846,-84.087047,2,3
restaurant,-9360844.592822466,4288550.2966994755,35.9122244,-84.0898977,2,3
restaurant,-9360642.358703543,4289047.050319831,35.9158385,-84.088081,2,3
fast_food,-9360557.97852952,4288823.198434603,35.9142099,-84.087323,2,3
atm,-9360806.84438314,4288685.131704537,35.9132054,-84.0895586,2,3
post_office,-9359312.524934577,4281277.977861107,35.8592962,-84.0761349,2,10
fuel,-9355559.610941462,4292639.331067213,35.941969,-84.0424219,0,-1
restaurant,-9360708.426821329,4289186.839816442,35.9168555,-84.0886745,2,3
restaurant,-9351151.025147576,4291342.945893967,35.93254,-84.0028189,0,-1
fast_food,-9351164.583861556,4291340.127534904,35.9325195,-84.0029407,0,-1
pub,-9342427.796078086,4303980.188690811,36.0244065,-83.9244568,1,1
parking,-9342437.369554294,4303809.625219886,36.0231673,-83.9245428,1,1
fast_food,-9343078.859251939,4305001.285738244,36.0318247,-83.9303054,1,1
restaurant,-9342386.106928783,4296001.042563774,35.9664145,-83.9240823,3,0
bar,-9342258.657243773,4296113.798363727,35.9672343,-83.9229374,3,0
restaurant,-9341972.63294413,4296245.096114546,35.9681889,-83.920368,3,0
bar,-9341744.12742538,4296401.593663742,35.9693267,-83.9183153,3,0
cafe,-9341759.71215409,4296502.785976135,35.9700624,-83.9184553,3,0
bar,-9341797.649836551,4296511.300093,35.9701243,-83.9187961,3,0
cafe,-9341873.73670851,4296498.329478206,35.97003,-83.9194796,3,0
bar,-9339710.810134344,4295190.673920414,35.9605224,-83.9000497,3,-1
restaurant,-9341828.429675756,4296046.582121994,35.9667456,-83.9190726,3,0
fast_food,-9349254.775545558,4292582.4485628875,35.9415553,-83.9857846,0,5
fast_food,-9360584.160873756,4288857.437055764,35.914459,-84.0875582,2,3
restaurant,-9341761.660245178,4296586.056801549,35.9706678,-83.9184728,3,0
restaurant,-9342004.54824214,4295715.142125365,35.9643358,-83.9206547,3,0
cafe,-9342045.246647974,4295658.477323851,35.9639238,-83.9210203,3,0
restaurant,-9348629.171139248,4293301.180962563,35.9467824,-83.9801647,0,5
restaurant,-9348662.611514283,4293258.788030458,35.9464741,-83.9804651,0,5
pharmacy,-9348944.516992766,4296866.148012102,35.9727041,-83.9829975,4,9
post_office,-9352505.53844765,4293564.466362971,35.9486971,-84.0149867,0,-1
fast_food,-9352368.971696347,4293855.026884828,35.9508101,-84.0137599,0,-1
fuel,-9349939.95814334,4295268.956075554,35.9610916,-83.9919397,0,-1
restaurant,-9356836.924174672,4290358.393182313,35.9253783,-84.0538962,0,11
place_of_worship,-9360313.799226465,4289939.837164712,35.9223335,-84.0851295,2,3
place_of_worship,-9347341.482929496,4299264.433373041,35.9901378,-83.9685972,4,-1
college,-9347899.505272945,4294886.600135157,35.9583114,-83.97361,3,-1
restaurant,-9338640.885112483,4293029.198044076,35.9448044,-83.8904384,3,-1
library,-9344234.455753913,4293257.055465229,35.9464615,-83.9406863,3,0
veterinary,-9344263.955418974,4293185.841773195,35.9459436,-83.9409513,3,0
veterinary,-9344137.218178706,4293065.2649525795,35.9450667,-83.9398128,3,0
animal_shelter,-9346018.695684297,4294506.568005923,35.955548,-83.9567144,3,-1
fast_food,-9342388.56708953,4300352.7419001,35.9980477,-83.9241044,1,-1
bank,-9342440.441972239,4300443.2660621125,35.9987056,-83.9245704,1,-1
fast_food,-9342440.820458509,4300508.142864073,35.9991771,-83.9245738,1,-1
charging_station,-9358248.488713779,4290330.5421007825,35.9251757,-84.0665765,0,-1
fuel,-9352735.324140547,4297886.23186689,35.9801198,-84.0170509,4,-1
fast_food,-9363680.289871188,4287363.930682248,35.9035924,-84.1153712,2,-1
fast_food,-9352214.816465495,4291305.221187372,35.9322656,-84.0123751,0,-1
dentist,-9351533.229487266,4291537.648156139,35.9339562,-84.0062523,0,-1
restaurant,-9352949.469444986,4287487.522761887,35.9044917,-84.0189746,0,-1
fast_food,-9366649.559176914,4287327.717768052,35.9033289,-84.1420446,2,7
fuel,-9366829.106383614,4287507.794031002,35.9046392,-84.1436575,2,7
restaurant,-9341864.608510265,4295602.44547831,35.9635164,-83.9193976,3,0
restaurant,-9342140.658583533,4296812.998488583,35.9723177,-83.9218774,3,0
cafe,-9342158.33611867,4298381.624124589,35.9837209,-83.9220362,3,0
fast_food,-9360307.977217099,4288594.155690433,35.9125435,-84.0850772,2,3
loading_dock,-9345630.591411596,4292740.6258362215,35.9427057,-83.953228,3,-1
fuel,-9343269.015206112,4305518.808414896,36.0355842,-83.9320136,1,1
restaurant,-9346741.515401918,4291536.630778948,35.9339488,-83.9632076,0,-1
cafe,-9360544.753774015,4289821.042113816,35.9214693,-84.0872042,2,3
cafe,-9342171.148992062,4296562.866348948,35.9704992,-83.9221513,3,0
cafe,-9342447.755662786,4297115.049152096,35.9745136,-83.9246361,3,0
cafe,-9344126.954521656,4293871.473420289,35.9509297,-83.9397206,3,0
restaurant,-9342179.163995398,4295633.48714004,35.9637421,-83.9222233,3,0
bicycle_repair_station,-9342880.510183245,4294015.821714889,35.9519794,-83.9285236,3,0
drinking_water,-9336974.220828276,4291877.911175618,35.9364311,-83.8754665,3,-1
bank,-9341838.882575942,4295699.174174438,35.9642197,-83.9191665,3,0
bank,-9341755.448617592,4295828.898982299,35.9651629,-83.918417,3,0
fast_food,-9341762.23910653,4295853.834600546,35.9653442,-83.918478,3,0
fast_food,-9341930.843607286,4295867.340844594,35.9654424,-83.9199926,3,0
place_of_worship,-9343306.496478662,4294306.380557127,35.9540923,-83.9323503,3,0
place_of_worship,-9339420.511166254,4299179.394732951,35.9895197,-83.8974419,1,-1
restaurant,-9336262.9783377,4289753.2324682735,35.920976,-83.8690773,3,-1
fuel,-9353635.097320732,4301486.845820116,36.0062896,-84.0251337,4,4
pharmacy,-9348660.106825741,4301228.225732584,36.0044102,-83.9804426,4,-1
restaurant,-9354265.544124888,4290845.743670647,35.9289234,-84.0307971,0,-1
shelter,-9343930.08600219,4292955.565821399,35.9442689,-83.9379521,3,0
bicycle_repair_station,-9343719.948199417,4293986.324836867,35.9517649,-83.9360644,3,0
waste_disposal,-9366831.165794194,4287435.078758938,35.9041101,-84.143676,2,7
waste_disposal,-9366827.94866091,4287432.783652427,35.9040934,-84.1436471,2,7
dentist,-9359375.464974672,4281350.445969899,35.8598238,-84.0767003,2,10
restaurant,-9368422.233012205,4286942.287898674,35.9005243,-84.1579688,2,7
fast_food,-9347889.87613699,4293750.435202656,35.9500495,-83.9735235,0,5
restaurant,-9347955.955386726,4293720.251490015,35.94983,-83.9741171,0,5
place_of_worship,-9349483.281064307,4292046.2524378225,35.9376555,-83.9878373,0,5
fast_food,-9360262.169246636,4288602.017615376,35.9126007,-84.0846657,2,3
parking,-9357275.500704499,4290713.301391061,35.92796,-84.057836,0,-1
events_venue,-9352322.918823006,4290698.4405716555,35.9278519,-84.0133462,0,-1
loading_dock,-9344298.520120867,4293869.9332754435,35.9509185,-83.9412618,3,0
parking_entrance,-9342055.298797993,4296063.252041246,35.9668668,-83.9211106,3,0
parking_entrance,-9341959.630827604,4296114.018429862,35.9672359,-83.9202512,3,0
parking_entrance,-9341980.514364079,4296158.224305365,35.9675573,-83.9204388,3,0
loading_dock,-9339923.875639724,4291389.442049955,35.9328782,-83.9019637,3,2
restaurant,-9342034.05903915,4296091.791772641,35.9670743,-83.9209198,3,0
place_of_worship,-9349697.27052146,4304281.640584902,36.0265966,-83.9897596,4,-1
fast_food,-9358119.769986574,4290324.947148786,35.925135,-84.0654202,0,-1
parking_entrance,-9342235.736560619,4295119.777620613,35.9600069,-83.9227315,3,0
loading_dock,-9342390.793479346,4295659.453826422,35.9639309,-83.9241244,3,0
recycling,-9360473.95457787,4289882.790085183,35.9219185,-84.0865682,2,3
cafe,-9355649.200867655,4290451.088584117,35.9260526,-84.0432267,0,11
bar,-9342208.240646394,4297273.732625088,35.9756672,-83.9224845,3,0
toilets,-9342638.201047635,4297432.886114629,35.9768242,-83.9263469,3,0
cafe,-9368581.230640905,4286671.343520713,35.8985527,-84.1593971,2,7
restaurant,-9368509.073346972,4286680.743182232,35.8986211,-84.1587489,2,7
restaurant,-9340114.031593896,4295023.782980294,35.9593089,-83.9036719,3,-1
veterinary,-9340195.26142633,4295059.127613079,35.9595659,-83.9044016,3,0
parking,-9338433.240866307,4295968.074298449,35.9661748,-83.8885731,3,-1
bank,-9342409.038743887,4303941.869485014,36.0241281,-83.9242883,1,1
restaurant,-9343219.043886695,4305502.660838464,36.0354669,-83.9315647,1,1
loading_dock,-9326714.98316092,4300806.305947515,36.001344,-83.7833062,1,-1
restaurant,-9341456.021451257,4294998.587965972,35.9591257,-83.9157272,3,0
parking_entrance,-9342859.726834314,4294652.231206618,35.9566072,-83.9283369,3,0
parking_entrance,-9342356.629527621,4294160.887013835,35.9530343,-83.9238175,3,0
loading_dock,-9359757.502335124,4281767.256844273,35.8628583,-84.0801322,2,-1
bar,-9342320.86257523,4297355.74383803,35.9762634,-83.9234962,3,0
events_venue,-9342288.490867307,4297477.22116249,35.9771465,-83.9232054,3,0
restaurant,-9343281.88373925,4294561.439016298,35.955947,-83.9321292,3,0
bar,-9343349.610517446,4294673.024677818,35.9567584,-83.9327376,3,0
restaurant,-9343319.910477305,4294506.829295793,35.9555499,-83.9324708,3,0
university,-9343605.27799195,4294048.344006568,35.9522159,-83.9350343,3,0
bar,-9343586.854616225,4294537.565279475,35.9557734,-83.9348688,3,0
restaurant,-9343580.186578726,4294539.559339586,35.9557879,-83.9348089,3,0
bank,-9343602.87349095,4294486.668738063,35.9554033,-83.9350127,3,0
restaurant,-9343656.67420085,4294451.738528803,35.9551493,-83.935496,3,0
bar,-9343666.537107734,4294448.781843018,35.9551278,-83.9355846,3,0
fast_food,-9343863.550342541,4294360.906758465,35.9544888,-83.9373544,3,0
waste_basket,-9341660.481959997,4294933.964121648,35.9586558,-83.9175639,3,0
waste_basket,-9343670.110463388,4294250.54821086,35.9536863,-83.9356167,3,0
waste_basket,-9343500.593142807,4294669.572848826,35.9567333,-83.9340939,3,0
waste_basket,-9343476.370021611,4294708.299407498,35.9570149,-83.9338763,3,0
waste_basket,-9343424.049860941,4294732.861138779,35.9571935,-83.9334063,3,0
waste_basket,-9344545.359959751,4294710.541041366,35.9570312,-83.9434792,3,0
bar,-9341810.095355622,4295930.31977461,35.9659003,-83.9189079,3,0
bar,-9341779.360044215,4295771.738454032,35.9647473,-83.9186318,3,0
restaurant,-9341738.383339653,4295781.269772421,35.9648166,-83.9182637,3,0
cafe,-9341670.656561455,4295737.7393604675,35.9645001,-83.9176553,3,0
bar,-9341803.82806829,4295920.320693194,35.9658276,-83.9188516,3,0
bar,-9341948.632461915,4296420.299796971,35.9694627,-83.9201524,3,0
bar,-9341960.042709721,4296232.579709068,35.9680979,-83.9202549,3,0
restaurant,-9340026.311835151,4295140.063129549,35.9601544,-83.9028839,3,-1
restaurant,-9341736.50204026,4296420.712432625,35.9694657,-83.9182468,3,0
cafe,-9342019.665428989,4295697.248669452,35.9642057,-83.9207905,3,0
cafe,-9341680.018530631,4296273.168676437,35.968393,-83.9177394,3,0
parking,-9345953.117372273,4288291.764531095,35.9103434,-83.9561253,0,-1
cafe,-9341967.779414332,4296239.044224381,35.9681449,-83.9203244,3,0
events_venue,-9341932.335288463,4296453.8471269095,35.9697066,-83.920006,3,0
bar,-9341914.746808918,4296458.509925128,35.9697405,-83.919848,3,0
parking,-9341824.177271208,4296556.319112696,35.9704516,-83.9190344,3,0
bar,-9341769.319026146,4296618.944414446,35.9709069,-83.9185416,3,0
restaurant,-9341735.16620637,4296607.032787396,35.9708203,-83.9182348,3,0
bar,-9341734.130935106,4296543.898631241,35.9703613,-83.9182255,3,0
bar,-9341726.884036254,4296533.032440954,35.9702823,-83.9181604,3,0
bar,-9341731.54832292,4296529.923887252,35.9702597,-83.9182023,3,0
restaurant,-9341701.013386596,4296478.687898026,35.9698872,-83.917928,3,0
bicycle_parking,-9341724.41274356,4296508.7554854825,35.9701058,-83.9181382,3,0
restaurant,-9341731.114176905,4296499.237283193,35.9700366,-83.9181984,3,0
bar,-9341767.248483615,4296518.026112498,35.9701732,-83.918523,3,0
parking,-9342186.422026198,4296644.08816895,35.9710897,-83.9222885,3,0
parking,-9342114.342655908,4296702.958894108,35.9715177,-83.921641,3,0
restaurant,-9341886.716561135,4296734.801487103,35.9717492,-83.9195962,3,0
restaurant,-9342008.700459149,4296627.940039839,35.9709723,-83.920692,3,0
events_venue,-9341983.519990329,4296650.305342608,35.9711349,-83.9204658,3,0
bar,-9341802.5144983,4296601.640923559,35.9707811,-83.9188398,3,0
restaurant,-9341796.536641644,4296596.868025916,35.9707464,-83.9187861,3,0
restaurant,-9341685.12809526,4296594.460945766,35.9707289,-83.9177853,3,0
restaurant,-9341713.258530581,4296459.3627085,35.9697467,-83.918038,3,0
restaurant,-9341786.428831879,4296497.009034729,35.9700204,-83.9186953,3,0
bar,-9341792.395556586,4296488.054781621,35.9699553,-83.9187489,3,0
restaurant,-9341893.841008546,4296420.561132884,35.9694646,-83.9196602,3,0
theatre,-9341881.373225577,4296329.795422164,35.9688047,-83.9195482,3,0
restaurant,-9341860.478557156,4296364.442828517,35.9690566,-83.9193605,3,0
parking,-9341664.010787854,4296601.517130798,35.9707802,-83.9175956,3,0
parking,-9341914.813600611,4296720.345075858,35.9716441,-83.9198486,3,0
parking,-9341947.663982345,4296703.027668507,35.9715182,-83.9201437,3,0
food_court,-9342067.243379356,4296598.119707804,35.9707555,-83.9212179,3,0
cafe,-9342224.148201628,4296535.219432809,35.9702982,-83.9226274,3,0
marketplace,-9341997.323607188,4296542.729483662,35.9703528,-83.9205898,3,0
parking,-9341909.537056748,4296387.16520505,35.9692218,-83.9198012,3,0
parking,-9341916.962066785,4296437.162853514,35.9695853,-83.9198679,3,0
parking,-9342041.806875708,4296369.848329035,35.9690959,-83.9209894,3,0
parking,-9342059.495542796,4296356.589039936,35.9689995,-83.9211483,3,0
parking,-9341727.696668537,4296210.105232583,35.9679345,-83.9181677,3,0
parking,-9341887.139575202,4296048.2738700565,35.9667579,-83.9196,3,0
bar,-9341698.018892292,4295715.472212454,35.9643382,-83.9179011,3,0
restaurant,-9341725.448014824,4295702.268736738,35.9642422,-83.9181475,3,0
waste_basket,-9341795.479106482,4295729.390893819,35.9644394,-83.9187766,3,0
waste_basket,-9341782.643969193,4295692.957545284,35.9641745,-83.9186613,3,0
waste_basket,-9341867.436025329,4295804.623600888,35.9649864,-83.919423,3,0
bar,-9341798.16190621,4295906.140443588,35.9657245,-83.9188007,3,0
bar,-9341661.116481092,4295741.329065564,35.9645262,-83.9175696,3,0
restaurant,-9341837.880700525,4295672.052092818,35.9640225,-83.9191575,3,0
ice_cream,-9341774.673493652,4295953.28881355,35.9660673,-83.9185897,3,0
restaurant,-9341877.187612724,4295882.62135073,35.9655535,-83.9195106,3,0
bank,-9341951.882991048,4295890.227227233,35.9656088,-83.9201816,3,0
bar,-9341888.675784174,4295780.9671907555,35.9648144,-83.9196138,3,0
parking,-9342065.851885721,4295691.032041401,35.9641605,-83.9212054,3,0
parking,-9342094.817217225,4295585.03357929,35.9633898,-83.9214656,3,0
parking,-9342150.35451118,4295590.411184933,35.9634289,-83.9219645,3,0
parking,-9342144.677217152,4295551.887782317,35.9631488,-83.9219135,3,0
cafe,-9341672.315221868,4295634.009774005,35.9637459,-83.9176702,3,0
pub,-9341655.00504105,4295703.272750473,35.9642495,-83.9175147,3,0
cafe,-9341618.570171714,4295625.345056248,35.9636829,-83.9171874,3,0
cafe,-9341573.185215317,4295533.980841974,35.9630186,-83.9167797,3,0
cafe,-9341559.459522102,4295518.150691188,35.9629035,-83.9166564,3,0
bank,-9341514.965121632,4295436.345900871,35.9623087,-83.9162567,3,0
bank,-9341500.8275463,4295428.03892569,35.9622483,-83.9161297,3,0
bar,-9341695.903821968,4295791.956412077,35.9648943,-83.9178821,3,0
restaurant,-9341672.315221868,4295769.262788286,35.9647293,-83.9176702,3,0
cafe,-9341744.550439443,4295796.440127601,35.9649269,-83.9183191,3,0
pharmacy,-9341762.762308137,4295946.012986977,35.9660144,-83.9184827,3,0
pub,-9341707.625764348,4295908.451094056,35.9657413,-83.9179874,3,0
bar,-9341888.49767299,4295931.39257894,35.9659081,-83.9196122,3,0
restaurant,-9342986.35275509,4293938.249910337,35.9514153,-83.9294744,3,0
bicycle_parking,-9343019.48143555,4293935.155850557,35.9513928,-83.929772,3,0
parking,-9344166.216906058,4293478.89481408,35.9480748,-83.9400733,3,0
charging_station,-9351299.202521771,4291798.017358028,35.93585,-84.00415,0,-1
veterinary,-9350741.792435521,4299354.7696004985,35.9907944,-83.9991427,4,-1
charging_station,-9362720.771520298,4288640.860006285,35.9128833,-84.1067517,2,3
atm,-9349451.3435024,4296829.710849536,35.9724392,-83.9875504,4,9
bank,-9349407.060608963,4296739.9595833095,35.9717867,-83.9871526,4,9
fast_food,-9349474.052678522,4296727.098734664,35.9716932,-83.9877544,4,9
loading_dock,-9349574.162296593,4296639.796670625,35.9710585,-83.9886537,4,9
restaurant,-9349399.891633755,4296740.042112868,35.9717873,-83.9870882,4,9
loading_dock,-9349504.776857981,4296555.273756012,35.970444,-83.9880304,4,9
loading_dock,-9349886.725162841,4296486.417983464,35.9699434,-83.9914615,4,9
loading_dock,-9349816.61614754,4296647.444341898,35.9711141,-83.9908317,4,9
loading_dock,-9349783.799161654,4296490.37931052,35.9699722,-83.9905369,4,9
loading_dock,-9349081.807320764,4296724.2102039065,35.9716722,-83.9842308,4,9
loading_dock,-9350204.698156342,4297072.613820931,35.9742051,-83.9943179,4,9
parking_entrance,-9341362.924961107,4295403.599401445,35.9620706,-83.9148909,3,0
parking_entrance,-9341334.56075485,4295344.529422218,35.9616411,-83.9146361,3,0
parking_entrance,-9341332.28983724,4295339.798336497,35.9616067,-83.9146157,3,0
loading_dock,-9355055.489495456,4289944.029793209,35.922364,-84.0378933,0,-1
loading_dock,-9354787.242918493,4290054.702023874,35.9231691,-84.0354836,0,-1
loading_dock,-9355112.407151101,4290229.819658731,35.924443,-84.0384046,0,-1
loading_dock,-9355238.042328408,4290351.478519185,35.925328,-84.0395332,0,-1
loading_dock,-9354960.467178116,4290511.822853031,35.9264944,-84.0370397,0,-1
parking_entrance,-9342951.721261503,4293932.996884921,35.9513771,-83.9291633,3,0
loading_dock,-9352038.675635213,4297323.03281704,35.9760256,-84.0107928,4,-1
parking_entrance,-9342912.926418962,4294347.636169761,35.9543923,-83.9288148,3,0
restaurant,-9349404.144038303,4296734.663937905,35.9717482,-83.9871264,4,9
bank,-9349401.015960611,4296778.088306465,35.9720639,-83.9870983,4,9
device_charging_station,-9343850.25879534,4292926.553075179,35.9440579,-83.937235,3,0
loading_dock,-9350840.343580723,4299562.507253312,35.9923043,-84.000028,4,-1
loading_dock,-9349133.715599319,4300976.134187552,36.0025782,-83.9846971,4,-1
loading_dock,-9342399.07564946,4295650.830349006,35.9638682,-83.9241988,3,0
parking_entrance,-9341468.990171934,4295157.171750945,35.9602788,-83.9158437,3,0
parking_entrance,-9341609.542161008,4295087.760975794,35.9597741,-83.9171063,3,0
parking_entrance,-9342706.695930319,4293894.355598,35.9510961,-83.9269622,3,0
parking_entrance,-9342731.865267187,4293932.666851995,35.9513747,-83.9271883,3,0
parking_entrance,-9341165.655691471,4295981.346867156,35.9662713,-83.9131188,3,0
parking_entrance,-9341150.237941997,4296002.362946948,35.9664241,-83.9129803,3,0
parking_entrance,-9341009.975383596,4296000.2585863415,35.9664088,-83.9117203,3,0
parking_entrance,-9341024.725216128,4295991.043417242,35.9663418,-83.9118528,3,0
parking_entrance,-9341103.083005697,4296030.9987965245,35.9666323,-83.9125567,3,0
parking_entrance,-9343533.855406659,4294381.287113819,35.954637,-83.9343927,3,0
parking_entrance,-9343490.518728893,4294326.994591989,35.9542422,-83.9340034,3,0
parking_entrance,-9343465.661086598,4294341.805367001,35.9543499,-83.9337801,3,0
parking_entrance,-9343530.393370494,4294306.84811986,35.9540957,-83.9343616,3,0
fountain,-9348555.49990024,4302969.165819085,36.0170608,-83.9795029,4,-1
fast_food,-9360467.386727912,4288695.660175917,35.913282,-84.0865092,2,3
loading_dock,-9325418.801274022,4300546.917774164,35.9994589,-83.7716624,1,-1
loading_dock,-9325292.709686799,4300711.719567811,36.0006566,-83.7705297,1,-1
parking_entrance,-9341640.845201822,4295092.0243551815,35.9598051,-83.9173875,3,0
parking_entrance,-9341631.917378658,4295073.389273738,35.9596696,-83.9173073,3,0
restaurant,-9363025.30825126,4287636.802647322,35.9055779,-84.1094874,2,3
parking_entrance,-9342452.141650723,4294091.895151757,35.9525326,-83.9246755,3,0
parking_entrance,-9342407.279895933,4294067.637403625,35.9523562,-83.9242725,3,0
parking_entrance,-9342412.701155134,4293976.946359096,35.9516967,-83.9243212,3,0
parking,-9337842.412668923,4295302.2247870285,35.9613335,-83.8832656,3,12
parking,-9343492.077201765,4301880.80125972,36.0091524,-83.9340174,1,-1
parking,-9345496.195390362,4286409.626674595,35.8966482,-83.9520207,0,-1
parking,-9345371.484164827,4285956.223497629,35.8933487,-83.9509004,0,-1
parking,-9349005.030267961,4292864.086558005,35.9436036,-83.9835411,0,5
parking,-9348884.86087765,4292658.346967193,35.9421073,-83.9824616,0,5
parking,-9341718.34583131,4293703.585166168,35.9497088,-83.9180837,3,0
parking,-9359570.107104324,4289610.219147386,35.9199356,-84.0784488,2,3
fuel,-9342143.74213343,4300028.366414039,35.9956902,-83.9219051,1,-1
parking_entrance,-9342869.522949502,4294299.43587774,35.9540418,-83.9284249,3,0
pharmacy,-9353465.490944559,4301822.205193336,36.0087266,-84.0236101,4,4
atm,-9353690.57895494,4301659.203005007,36.0075421,-84.0256321,4,4
parking,-9347934.99392661,4290899.840083567,35.9293169,-83.9739288,0,-1
parking,-9344898.832738867,4293727.140794718,35.9498801,-83.9466545,3,0
parking_space,-9342761.665494874,4294385.027642034,35.9546642,-83.927456,3,0
parking_space,-9342671.25180445,4294301.649923557,35.9540579,-83.9266438,3,0
parking_space,-9342598.604704758,4294289.465801234,35.9539693,-83.9259912,3,0
parking_space,-9342583.331670621,4294289.768341354,35.9539715,-83.925854,3,0
parking_space,-9342533.91694866,4294169.289281702,35.9530954,-83.9254101,3,0
parking_space,-9342680.17962761,4294084.455553176,35.9524785,-83.926724,3,0
parking_space,-9342661.388897566,4294242.159631907,35.9536253,-83.9265552,3,0
parking_space,-9342197.40925994,4294873.28764652,35.9582146,-83.9223872,3,0
parking_space,-9342181.145482335,4294861.295418659,35.9581274,-83.9222411,3,0
parking_space,-9342027.858543513,4295081.420921155,35.959728,-83.9208641,3,0
parking_space,-9342253.959561262,4295021.486270782,35.9592922,-83.9228952,3,0
parking_space,-9342967.740136229,4294946.135214249,35.9587443,-83.9293072,3,0
restaurant,-9360309.257391242,4289131.404887558,35.9164522,-84.0850887,2,3
cafe,-9360305.016118642,4289121.095918807,35.9163772,-84.0850506,2,3
parking_space,-9343370.661033155,4294593.60538408,35.9561809,-83.9329267,3,0
parking_space,-9343367.677670803,4294586.949317262,35.9561325,-83.9328999,3,0
fast_food,-9360318.58596457,4289151.802929194,35.9166006,-84.0851725,2,3
restaurant,-9367106.30304764,4287237.234110218,35.9026705,-84.1461476,2,7
atm,-9359689.040848287,4281700.252853214,35.8623705,-84.0795172,2,-1
school,-9343758.342291793,4306047.148907699,36.0394221,-83.9364093,1,1
cafe,-9342312.558141217,4298132.102408301,35.9819071,-83.9234216,3,0
prep_school,-9360082.911470613,4288678.465510566,35.9131569,-84.0830554,2,3
restaurant,-9360068.684839688,4288656.226567248,35.9129951,-84.0829276,2,3
dentist,-9360168.705402166,4289233.835332095,35.9171974,-84.0838261,2,3
stripclub,-9359711.794552205,4288963.837248635,35.9152331,-84.0797216,2,3
car_wash,-9359644.99172578,4288870.164888629,35.9145516,-84.0791215,2,3
restaurant,-9359822.568577494,4288567.243759624,35.9123477,-84.0807167,2,3
restaurant,-9359850.565429429,4288539.328543239,35.9121446,-84.0809682,2,3
restaurant,-9359853.70463907,4288546.874303673,35.9121995,-84.0809964,2,3
fast_food,-9325514.168681784,4301536.233958315,36.0066485,-83.7725191,1,-1
fuel,-9325589.465185357,4301485.882554121,36.0062826,-83.7731955,1,-1
fuel,-9325664.717161132,4301377.584479843,36.0054956,-83.7738715,1,-1
fuel,-9325508.201957077,4301335.889321414,36.0051926,-83.7724655,1,-1
weighbridge,-9326118.41087781,4300481.352756949,35.9989824,-83.7779471,1,-1
fast_food,-9333587.714939108,4287960.83583144,35.9079356,-83.845045,3,6
fast_food,-9345809.949375164,4287816.581667996,35.906886,-83.9548392,0,-1
fast_food,-9348536.720302144,4293371.817882767,35.9472961,-83.9793342,0,5
fast_food,-9349202.28840565,4292631.782465383,35.9419141,-83.9853131,0,5
restaurant,-9349599.264841765,4292125.213142581,35.9382298,-83.9888792,0,5
fast_food,-9353320.764474578,4287266.2316768,35.9028815,-84.02231,0,-1
fast_food,-9353127.947984576,4287575.43849869,35.9051314,-84.0205779,0,-1
fast_food,-9352535.026980763,4291461.702585439,35.9334038,-84.0152516,0,-1
fast_food,-9351932.053826932,4291330.462631079,35.9324492,-84.009835,0,-1
dentist,-9351886.379439859,4291332.49734696,35.932464,-84.0094247,0,-1
bar,-9354101.147500886,4291129.660044333,35.9309886,-84.0293203,0,-1
fast_food,-9358262.091955554,4290297.164886805,35.9249329,-84.0666987,0,-1
fast_food,-9368720.925469901,4286772.788834909,35.8992909,-84.160652,2,7
fast_food,-9367332.481989032,4286936.832115008,35.9004846,-84.1481794,2,7
fast_food,-9340085.199845782,4291265.283184046,35.9319751,-83.9034129,3,2
fuel,-9339962.804065654,4291141.66190218,35.9310759,-83.9023134,3,2
fuel,-9340283.927400747,4291443.623658305,35.9332723,-83.9051981,3,2
fuel,-9340401.681158107,4291615.464045143,35.9345222,-83.9062559,3,2
fast_food,-9340257.344306344,4291619.794804448,35.9345537,-83.9049593,3,2
fuel,-9340681.293455081,4292107.449340074,35.9381006,-83.9087677,3,2
fast_food,-9343499.947489763,4293991.0553331245,35.9517993,-83.9340881,3,0
fast_food,-9349258.215317823,4296902.530276408,35.9729686,-83.9858155,4,9
fast_food,-9358311.172719045,4281599.431716727,35.8616365,-84.0671396,2,10
fast_food,-9358275.105204027,4281615.406447631,35.8617528,-84.0668156,2,10
fast_food,-9358018.580569442,4281881.7744601825,35.863692,-84.0645112,2,10
bank,-9358364.77305386,4281726.790669971,35.8625637,-84.0676211,2,10
cafe,-9358278.58950409,4281743.163930799,35.8626829,-84.0668469,2,10
fast_food,-9358720.004680933,4281596.121392791,35.8616124,-84.0708122,2,10
clinic,-9343039.385360504,4305178.585578531,36.0331127,-83.9299508,1,1
restaurant,-9360090.214029208,4288911.523575821,35.9148525,-84.083121,2,3
place_of_worship,-9344382.054266756,4298163.220086356,35.9821333,-83.9420122,3,-1
place_of_worship,-9344080.077884084,4297802.373305977,35.9795102,-83.9392995,3,-1
place_of_worship,-9345554.805102265,4298605.19153954,35.985346,-83.9525472,4,-1
fire_station,-9345565.959315242,4298318.328322184,35.9832608,-83.9526474,4,-1
place_of_worship,-9344532.725197546,4297413.724296115,35.9766849,-83.9433657,3,-1
place_of_worship,-9344404.340428814,4297786.732435435,35.9793965,-83.9422124,3,-1
place_of_worship,-9345688.878296977,4297569.344551073,35.9778162,-83.9537516,3,-1
place_of_worship,-9343844.737348597,4296933.479368468,35.9731936,-83.9371854,3,-1
place_of_worship,-9345889.64299862,4298610.584398498,35.9853852,-83.9555551,4,-1
place_of_worship,-9346698.668529911,4298380.317209049,35.9837114,-83.9628227,4,-1
kindergarten,-9347554.114288861,4296501.493041362,35.970053,-83.9705073,3,-1
place_of_worship,-9348971.422913691,4303027.891947431,36.0174875,-83.9832392,4,-1
fuel,-9345754.300761716,4299237.60506163,35.9899428,-83.9543393,4,-1
ice_cream,-9350669.713065233,4307368.037082348,36.0490163,-83.9984952,4,-1
pharmacy,-9350673.553587668,4307533.396931464,36.0502173,-83.9985297,4,-1
car_wash,-9349999.603126505,4307615.224141295,36.0508116,-83.9924755,4,-1
bank,-9350176.244894497,4307539.083372479,36.0502586,-83.9940623,4,-1
fast_food,-9349865.47427205,4307840.827010077,36.0524501,-83.9912706,4,-1
fast_food,-9349830.00788228,4307875.8967334395,36.0527048,-83.990952,4,-1
place_of_worship,-9344326.394521361,4304035.5618340755,36.0248088,-83.9415122,1,-1
fast_food,-9342943.984556895,4305009.600044846,36.0318851,-83.9290938,1,1
fuel,-9343123.709874779,4305025.719356107,36.0320022,-83.9307083,1,1
dentist,-9343407.552312404,4305388.417078048,36.034637,-83.9332581,1,1
place_of_worship,-9346283.279850017,4303782.964596977,36.0229736,-83.9590912,4,-1
pharmacy,-9342838.910089534,4304807.924846337,36.03042,-83.9281499,1,1
place_of_worship,-9343990.65493713,4306670.7584561845,36.0439518,-83.9384962,1,-1
place_of_worship,-9344599.283121092,4296096.468169515,35.9671083,-83.9439636,3,-1
place_of_worship,-9344167.229913425,4296066.305445071,35.966889,-83.9400824,3,-1
place_of_worship,-9344637.844192702,4301548.550065696,36.006738,-83.94431,1,-1
place_of_worship,-9341970.606929397,4301855.026107454,36.0089651,-83.9203498,1,-1
place_of_worship,-9343982.239183625,4297440.43805383,35.9768791,-83.9384206,3,-1
place_of_worship,-9343806.24306868,4296084.515853274,35.9670214,-83.9368396,3,-1
place_of_worship,-9343665.579760114,4296500.819064786,35.9700481,-83.935576,3,-1
place_of_worship,-9343667.138232986,4296403.863156128,35.9693432,-83.93559,3,-1
place_of_worship,-9344142.561514266,4297475.914355819,35.977137,-83.9398608,3,-1
place_of_worship,-9344316.598406171,4300322.292157906,35.9978264,-83.9414242,1,-1
place_of_worship,-9339408.266022267,4300760.512496919,36.0010112,-83.8973319,1,-1
place_of_worship,-9340007.832799679,4302160.808955597,36.0111871,-83.9027179,1,-1
place_of_worship,-9340919.561693175,4301119.214685238,36.003618,-83.9109081,1,-1
fast_food,-9342733.624115141,4304372.77565267,36.0272587,-83.9272041,1,1
restaurant,-9342701.074296035,4304300.525480906,36.0267338,-83.9269117,1,1
restaurant,-9342698.680926982,4304250.656763357,36.0263715,-83.9268902,1,1
fast_food,-9342796.920377608,4304242.893616251,36.0263151,-83.9277727,1,1
fast_food,-9342784.67523362,4304211.249214185,36.0260852,-83.9276627,1,1
fast_food,-9342799.90373996,4304281.117534316,36.0265928,-83.9277995,1,1
fast_food,-9342832.453559067,4304387.710259547,36.0273672,-83.9280919,1,1
childcare,-9352205.766190894,4297680.974880085,35.9786277,-84.0122938,4,-1
dentist,-9352090.617309617,4297567.693833933,35.9778042,-84.0112594,4,-1
dentist,-9352084.450209828,4297575.067039104,35.9778578,-84.011204,4,-1
parking,-9345498.944981785,4286199.337044421,35.8951179,-83.9520454,0,-1
parking,-9345536.415122386,4286294.965210402,35.8958138,-83.952382,0,-1
drinking_water,-9342424.612340648,4295398.978315818,35.962037,-83.9244282,3,0
drinking_water,-9341857.873681072,4295781.847428349,35.9648208,-83.9193371,3,0
drinking_water,-9336033.637922766,4294582.4110922245,35.9560995,-83.8670171,3,-1
drinking_water,-9340006.51922969,4295341.228664522,35.9616171,-83.9027061,3,-1
toilets,-9340015.146490226,4295341.806297046,35.9616213,-83.9027836,3,-1
loading_dock,-9337808.894370245,4304386.650383542,36.0273595,-83.8829645,1,-1
loading_dock,-9337804.719889339,4304377.194091825,36.0272908,-83.882927,1,-1
loading_dock,-9337806.834959665,4304381.997942045,36.0273257,-83.882946,1,-1
charging_station,-9367490.967548074,4287059.773435578,35.9013792,-84.1496031,2,7
cafe,-9367797.452370126,4286905.774053573,35.9002586,-84.1523563,2,7
toilets,-9367728.74598041,4286906.997134847,35.9002675,-84.1517391,2,7
vending_machine,-9341300.01831686,4293722.575426641,35.9498469,-83.9143258,3,0
bench,-9362188.920389134,4288287.806191601,35.9103146,-84.101974,2,3
bench,-9362184.178178826,4288289.482988015,35.9103268,-84.1019314,2,3
bicycle_parking,-9343644.429056862,4301735.26121395,36.0080948,-83.935386,1,-1
waste_disposal,-9362161.64711389,4288395.3553376505,35.9110971,-84.101729,2,3
drinking_water,-9337812.178295221,4298025.5573647795,35.9811326,-83.882994,3,-1
drinking_water,-9338740.204362169,4298059.5223529115,35.9813795,-83.8913306,3,-1
drinking_water,-9335965.087380338,4290882.3394864695,35.9291896,-83.8664013,3,-1
public_bookcase,-9342620.412193006,4298647.357714802,35.9856525,-83.9261871,1,0
public_bookcase,-9344275.521514067,4297333.8997979425,35.9761046,-83.9410552,3,-1
public_bookcase,-9341896.568336071,4298222.264130933,35.9825625,-83.9196847,3,0
public_bookcase,-9342412.634363439,4295403.599401445,35.9620706,-83.9243206,3,0
public_bookcase,-9344350.806885693,4297487.029095452,35.9772178,-83.9417315,3,-1
public_bookcase,-9339883.53345626,4298351.179911881,35.9834996,-83.9016013,1,-1
public_bookcase,-9346280.91987681,4298193.030960616,35.98235,-83.95907,4,-1
public_bookcase,-9345776.642583517,4298341.605066427,35.98343,-83.95454,4,-1
public_bookcase,-9341175.919348523,4300722.232182613,36.000733,-83.913211,1,-1
public_bookcase,-9339499.002539212,4298945.13949471,35.987817,-83.898147,1,-1
public_bookcase,-9343011.800390685,4300060.535223208,35.995924,-83.929703,1,-1
public_bookcase,-9349553.935545115,4300566.745594008,35.999603,-83.988472,4,-1
public_bookcase,-9342988.979895072,4305260.94564425,36.033711,-83.929498,1,1
public_bookcase,-9336862.956997229,4303230.277256051,36.018958,-83.874467,1,-1
public_bookcase,-9339054.05853451,4302947.03522091,36.0169,-83.89415,1,-1
public_bookcase,-9335374.949363794,4297228.586830934,35.975339,-83.8611,3,-1
public_bookcase,-9337693.545113884,4293626.964408925,35.9491516,-83.8819283,3,-1
public_bookcase,-9337841.46645325,4294973.145461688,35.9589407,-83.8832571,3,12
public_bookcase,-9341500.449060032,4291509.161630784,35.933749,-83.9161263,3,-1
public_bookcase,-9349828.672048392,4292962.592142682,35.94432,-83.99094,0,5
public_bookcase,-9349136.042176677,4292877.066583963,35.943698,-83.984718,0,5
public_bookcase,-9347091.325769788,4291724.8746774215,35.935318,-83.96635,0,-1
public_bookcase,-9346754.027712682,4291503.799793145,35.93371,-83.96332,0,-1
public_bookcase,-9336765.329803802,4300189.321487846,35.99686,-83.87359,1,-1
public_bookcase,-9338043.277558109,4300302.148317575,35.99768,-83.88507,1,-1
public_bookcase,-9339708.951098848,4301485.93759789,36.006283,-83.900033,1,-1
public_bookcase,-9338405.065903187,4300116.397453724,35.99633,-83.88832,1,-1
public_bookcase,-9346265.446467591,4294976.762419473,35.958967,-83.958931,3,-1
public_bookcase,-9339788.767173747,4301151.001433942,36.003849,-83.90075,1,-1
public_bookcase,-9337564.548087953,4298253.670961163,35.9827908,-83.8807695,1,-1
public_bookcase,-9345615.886106864,4293993.681859553,35.9518184,-83.9530959,3,-1
public_bookcase,-9350221.974941313,4301167.706714963,36.0039704,-83.9944731,4,-1
public_bookcase,-9350998.027639432,4291715.525648464,35.93525,-84.0014445,0,-1
public_bookcase,-9341565.459642656,4307548.98301904,36.0503305,-83.9167103,1,-1
public_bookcase,-9341212.120446928,4308176.465577562,36.0548877,-83.9135362,1,-1
public_bookcase,-9345327.78013274,4305221.548188944,36.0334248,-83.9505078,1,-1
public_bookcase,-9342105.893506559,4302705.376981964,36.0151441,-83.9215651,1,-1
public_bookcase,-9346901.893392302,4304361.722680365,36.0271784,-83.9646483,4,-1
public_bookcase,-9341088.03261054,4297748.5176328,35.9791187,-83.9124215,3,-1
public_bookcase,-9342049.799615148,4297643.998496102,35.9783589,-83.9210612,3,0
public_bookcase,-9342503.226165047,4297803.322488821,35.9795171,-83.9251344,3,0
public_bookcase,-9342183.24942071,4296979.463004596,35.9735279,-83.92226,3,0
public_bookcase,-9342196.385120625,4298928.561453924,35.9876965,-83.922378,1,-1
public_bookcase,-9343554.805734826,4298388.337545841,35.9837697,-83.9345809,3,-1
public_bookcase,-9344066.252003327,4296377.757145077,35.9691534,-83.9391753,3,-1
public_bookcase,-9343889.432124149,4292946.504486181,35.944203,-83.9375869,3,0
public_bookcase,-9347384.886398958,4291132.794548884,35.9310114,-83.9689871,0,-1
public_bookcase,-9339651.565901345,4289339.277019057,35.9179645,-83.8995175,3,-1
public_bookcase,-9338196.24167041,4289328.967853213,35.9178895,-83.8864441,3,-1
drinking_water,-9341575.400473185,4294465.504318334,35.9552494,-83.9167996,3,0
bicycle_parking,-9341574.031243445,4294462.47886859,35.9552274,-83.9167873,3,0
social_facility,-9341847.932850542,4302754.206403385,36.0154989,-83.9192478,1,-1
marketplace,-9352315.1153267,4297590.006048515,35.9779664,-84.0132761,4,-1
marketplace,-9352297.159492835,4297593.582609986,35.9779924,-84.0131148,4,-1
drinking_water,-9335903.093555914,4294035.513847738,35.9521226,-83.8658444,3,-1
place_of_worship,-9351821.446780879,4289143.04716135,35.9165369,-84.0088414,0,-1
parking_entrance,-9341427.42347407,4295726.9564986555,35.9644217,-83.9154703,3,0
parking_entrance,-9341451.167921457,4295792.5478223,35.9648986,-83.9156836,3,0
fast_food,-9347686.484295363,4302217.782950075,36.0116011,-83.9716964,4,8
loading_dock,-9348306.32235205,4302497.964490922,36.013637,-83.9772645,4,8
fast_food,-9355652.996862289,4290596.32625843,35.9271091,-84.0432608,0,11
restaurant,-9352374.84936546,4297839.377742013,35.9797792,-84.0138127,4,-1
restaurant,-9352499.482667351,4297920.884240236,35.9803717,-84.0149323,4,-1
restaurant,-9356379.89087327,4290115.667769458,35.9236126,-84.0497906,0,11
ice_cream,-9356688.12341133,4289885.071962617,35.9219351,-84.0525595,0,11
parking_space,-9342170.269568084,4295670.360403358,35.9640102,-83.9221434,3,0
parking_space,-9342591.903271414,4295571.761494915,35.9632933,-83.925931,3,0
parking_space,-9341768.328282677,4295042.527998843,35.9594452,-83.9185327,3,0
parking_space,-9342629.985669214,4295541.366419782,35.9630723,-83.9262731,3,0
parking_space,-9342628.761154816,4295467.345827925,35.9625341,-83.9262621,3,0
parking_space,-9342970.99066536,4295377.894637592,35.9618837,-83.9293364,3,0
parking_space,-9341999.505469209,4295880.709567057,35.9655396,-83.9206094,3,0
parking_space,-9341969.00392873,4295754.106224746,35.9646191,-83.9203354,3,0
loading_dock,-9349758.56303309,4301477.694796626,36.0062231,-83.9903102,4,-1
clinic,-9353313.038901918,4301009.324071453,36.0028194,-84.0222406,4,4
place_of_worship,-9352328.373478053,4301600.566852204,36.007116,-84.0133952,4,4
car_rental,-9351350.353827791,4301787.155043744,36.0084719,-84.0046095,4,-1
place_of_worship,-9343197.113947008,4305744.271290956,36.037222,-83.9313677,1,1
restaurant,-9368718.353989664,4286754.346660555,35.8991567,-84.1606289,2,7
courthouse,-9341622.11013152,4295238.864414376,35.9608728,-83.9172192,3,0
bench,-9337844.13812103,4292431.849548659,35.94046,-83.8832811,3,-1
bench,-9337374.948731234,4293000.611357193,35.9445965,-83.8790663,3,-1
events_venue,-9341816.563018039,4295828.073755976,35.9651569,-83.918966,3,0
parking_entrance,-9344472.679464212,4292172.9088209765,35.9385767,-83.9428263,3,-1
parking_entrance,-9344731.408224715,4292203.638202892,35.9388002,-83.9451505,3,-1
parking_entrance,-9344671.551734516,4292204.490652308,35.9388064,-83.9446128,3,-1
parking_entrance,-9344608.990180688,4292205.370600164,35.9388128,-83.9440508,3,-1
parking_entrance,-9344476.275083765,4292104.61703369,35.93808,-83.9428586,3,-1
parking_entrance,-9344469.473462878,4292104.672029925,35.9380804,-83.9427975,3,-1
fast_food,-9344614.511627432,4292350.287984756,35.9398668,-83.9441004,3,-1
hospital,-9344708.498673508,4292399.098354873,35.9402218,-83.9449447,3,-1
loading_dock,-9353386.921647955,4301294.042955529,36.0048885,-84.0229043,4,4
loading_dock,-9353389.949538106,4301297.441848675,36.0049132,-84.0229315,4,4
loading_dock,-9353392.92176851,4301300.77193935,36.0049374,-84.0229582,4,4
loading_dock,-9353395.749283576,4301303.936902511,36.0049604,-84.0229836,4,4
restaurant,-9342953.290866325,4295031.319491568,35.9593637,-83.9291774,3,0
restaurant,-9356321.470404504,4290182.283719116,35.9240972,-84.0492658,0,11
restaurant,-9356458.97223953,4290300.519099723,35.9249573,-84.050501,0,11
restaurant,-9356147.544832088,4290395.317282944,35.9256469,-84.0477034,0,11
weighbridge,-9366458.835493337,4287339.619228638,35.9034155,-84.1403313,2,7
fuel,-9326083.066939482,4300502.872899407,35.9991388,-83.7776296,1,-1
bench,-9338609.12566176,4295142.139817688,35.9601695,-83.8901531,3,12
bench,-9338612.865996651,4295142.414875748,35.9601715,-83.8901867,3,12
bench,-9338633.19293567,4295144.120235884,35.9601839,-83.8903693,3,12
bench,-9338636.922138613,4295144.395293996,35.9601859,-83.8904028,3,12
bench,-9338670.740999915,4295146.912076038,35.9602042,-83.8907066,3,12
bench,-9338674.370015314,4295147.324663314,35.9602072,-83.8907392,3,12
bench,-9338689.464938266,4295148.589931058,35.9602164,-83.8908748,3,12
bench,-9338693.06055782,4295148.933753839,35.9602189,-83.8909071,3,12
bench,-9338708.110952973,4295149.992728075,35.9602266,-83.8910423,3,12
bench,-9338711.996003203,4295150.28153925,35.9602287,-83.8910772,3,12
bench,-9338726.734703783,4295151.519301507,35.9602377,-83.8912096,3,12
bench,-9338730.564094268,4295151.80811272,35.9602398,-83.891244,3,12
bench,-9338768.067630714,4295154.98503658,35.9602629,-83.8915809,3,12
bench,-9338771.852493402,4295155.17757745,35.9602643,-83.8916149,3,12
bench,-9338790.676619295,4295156.70415161,35.9602754,-83.891784,3,12
bench,-9338794.48374588,4295157.06172757,35.960278,-83.8918182,3,12
bench,-9338812.9961772,4295158.560796148,35.9602889,-83.8919845,3,12
bench,-9338816.781039886,4295158.84960755,35.960291,-83.8920185,3,12
bench,-9338854.206652692,4295161.778980766,35.9603123,-83.8923547,3,12
bench,-9338858.036043175,4295162.109051038,35.9603147,-83.8923891,3,12
bench,-9338869.223652,4295162.920473829,35.9603206,-83.8924896,3,12
bench,-9338872.930591043,4295163.250544136,35.960323,-83.8925229,3,12
public_bookcase,-9339959.631460166,4301725.050364973,36.0080206,-83.9022849,1,-1
public_bookcase,-9339609.175439252,4298213.143373345,35.9824962,-83.8991367,3,-1
waste_basket,-9338622.127778286,4295076.043567519,35.9596889,-83.8902699,3,12
post_office,-9333458.016600385,4288206.000831328,35.9097194,-83.8438799,3,6
fuel,-9335785.929791855,4289731.596153043,35.9208186,-83.8647919,3,-1
fast_food,-9340298.398934549,4291280.199770528,35.9320836,-83.9053281,3,2
restaurant,-9334837.88848046,4288979.589129005,35.9153477,-83.8562755,3,-1
cafe,-9344265.513891846,4293229.3069581855,35.9462597,-83.9409653,3,0
doctors,-9343506.949485732,4305476.42279881,36.0352763,-83.934151,1,1
restaurant,-9356381.894624107,4290032.528997582,35.9230078,-84.0498086,0,11
restaurant,-9348466.544495149,4293396.459096709,35.9474753,-83.9787038,0,5
drinking_water,-9341631.950774506,4294945.832655849,35.9587421,-83.9173076,3,0
restaurant,-9347936.986545496,4301683.807990551,36.0077209,-83.9739467,4,8
fast_food,-9348816.610897845,4301277.144830506,36.0047657,-83.9818485,4,-1
bench,-9350197.462389443,4298546.530614156,35.9849196,-83.9942529,4,-1
bench,-9350213.637111455,4298035.709707326,35.9812064,-83.9943982,4,-1
bank,-9353077.23082457,4301951.796776868,36.0096683,-84.0201223,4,4
fast_food,-9353349.162076678,4301652.611410412,36.0074942,-84.0225651,4,4
restaurant,-9353586.228064273,4301267.333471946,36.0046944,-84.0246947,4,4
dentist,-9353554.201446772,4301301.047153501,36.0049394,-84.024407,4,4
pharmacy,-9332689.967773657,4287722.245757491,35.9061996,-83.8369804,3,6
public_bookcase,-9337160.636447558,4292049.483449658,35.937679,-83.8771411,3,-1
public_bookcase,-9343351.937094806,4300242.184839331,35.9972442,-83.9327585,1,-1
public_bookcase,-9337156.918376565,4294113.856436438,35.9526923,-83.8771077,3,-1
public_bookcase,-9342340.488201456,4305667.57924672,36.0366649,-83.9236725,1,1
restaurant,-9360458.915314663,4288698.367891483,35.9133017,-84.0864331,2,3
parking_entrance,-9343528.244904323,4294383.87247877,35.9546558,-83.9343423,3,0
doctors,-9363986.68563765,4286600.722639325,35.8980388,-84.1181236,2,-1
fuel,-9333252.186861908,4287629.779767525,35.9055268,-83.8420309,3,6
fuel,-9348000.950724907,4297876.905046112,35.980052,-83.9745213,4,-1
fuel,-9339962.525766928,4299630.226817698,35.9927965,-83.9023109,1,-1
fuel,-9356457.16886378,4289457.530723219,35.9188248,-84.0504848,0,11
fuel,-9362264.339344146,4288092.942218339,35.9088968,-84.1026515,2,3
parking_entrance,-9342857.07743043,4294646.042681209,35.9565622,-83.9283131,3,0
toilets,-9342453.555408256,4295339.014406795,35.961601,-83.9246882,3,0
fast_food,-9351593.130505262,4294636.979935915,35.9564963,-84.0067904,0,-1
fuel,-9351575.208067244,4294624.5891537545,35.9564062,-84.0066294,0,-1
parking_entrance,-9342863.188870477,4294659.904983021,35.956663,-83.928368,3,0
place_of_worship,-9349876.428109944,4293651.661205619,35.9493312,-83.991369,0,-1
parking_entrance,-9342533.159976121,4295029.256577377,35.9593487,-83.9254033,3,0
clinic,-9355242.472844142,4292604.750539007,35.9417175,-84.039573,0,-1
fuel,-9355110.203025183,4292540.704666486,35.9412517,-84.0383848,0,-1
fuel,-9355036.375938887,4292545.104542603,35.9412837,-84.0377216,0,-1
dentist,-9336026.914225524,4290022.769031342,35.9229368,-83.8669567,3,-1
fast_food,-9340366.292691983,4291523.803585504,35.9338555,-83.905938,3,2
restaurant,-9340288.925645882,4291274.865541858,35.9320448,-83.905243,3,2
clinic,-9340998.119857827,4292111.092842093,35.9381271,-83.9116138,3,2
restaurant,-9342360.058167938,4299418.264063513,35.9912559,-83.9238483,1,-1
parking,-9366419.840275714,4287328.267488808,35.9033329,-84.139981,2,7
social_facility,-9343035.578233918,4294303.520173792,35.9540715,-83.9299166,3,0
vending_machine,-9361287.71118752,4289136.078289944,35.9164862,-84.0938783,2,3
waste_basket,-9361307.570584675,4289036.012936622,35.9157582,-84.0940567,2,3
waste_basket,-9361281.555219676,4289004.082935957,35.9155259,-84.093823,2,3
vending_machine,-9361340.621341493,4289085.8805552805,35.916121,-84.0943536,2,3
bench,-9361278.928079695,4289048.0262284735,35.9158456,-84.0937994,2,3
waste_basket,-9361275.699814461,4289031.985600333,35.9157289,-84.0937704,2,3
waste_basket,-9361281.04315002,4289052.63086903,35.9158791,-84.0938184,2,3
bench,-9361275.788870055,4289036.494017848,35.9157617,-84.0937712,2,3
bicycle_parking,-9355945.68919943,4290575.444356943,35.9269572,-84.0458901,0,11
drinking_water,-9342421.940672869,4295267.979608091,35.9610845,-83.9244042,3,0
vending_machine,-9342453.566540204,4295247.927661871,35.9609387,-83.9246883,3,0
bicycle_parking,-9342401.090532245,4294981.933433456,35.9590046,-83.9242169,3,0
waste_basket,-9342262.186071632,4295181.720744318,35.9604573,-83.9229691,3,0
waste_basket,-9342319.660324728,4295131.3300413955,35.9600909,-83.9234854,3,0
bench,-9342332.70696905,4294814.330571177,35.9577859,-83.9236026,3,0
bench,-9343019.12521318,4294660.537588487,35.9566676,-83.9297688,3,0
bench,-9343015.295822697,4294734.511425067,35.9572055,-83.9297344,3,0
bench,-9342334.309969718,4294817.534901315,35.9578092,-83.923617,3,0
bench,-9342995.993022993,4294736.904340628,35.9572229,-83.929561,3,0
bench,-9342976.634563543,4294741.332611049,35.9572551,-83.9293871,3,0
bench,-9343015.997135488,4294655.449241223,35.9566306,-83.9297407,3,0
bench,-9343013.603766436,4294650.677198796,35.9565959,-83.9297192,3,0
bicycle_parking,-9343010.364369255,4294679.364494084,35.9568045,-83.9296901,3,0
bench,-9343010.575876286,4294644.33739927,35.9565498,-83.929692,3,0
restaurant,-9349760.15490181,4292077.008959639,35.9378792,-83.9903245,0,5
restaurant,-9334843.59917034,4301225.48737047,36.0043903,-83.8563268,1,-1
restaurant,-9341910.104786152,4295823.28744455,35.9651221,-83.9198063,3,0
restaurant,-9340435.911901524,4291429.421754127,35.933169,-83.9065634,3,2
pharmacy,-9335799.833596254,4301126.383896184,36.0036701,-83.8649168,1,-1
bank,-9357222.156404512,4290689.009941943,35.9277833,-84.0573568,0,-1
car_wash,-9339538.020020736,4298244.70150235,35.9827256,-83.8984975,3,-1
clinic,-9339221.727951545,4298706.253061171,35.9860806,-83.8956562,1,-1
fuel,-9339113.915024713,4298812.612180233,35.9868537,-83.8946877,1,-1
restaurant,-9335106.658259034,4303091.972191509,36.0179531,-83.8586899,1,-1
parking_entrance,-9344375.953958664,4292200.695877998,35.9387788,-83.9419574,3,-1
school,-9349489.79325452,4293882.116927243,35.9510071,-83.9878958,0,-1
loading_dock,-9333769.388348084,4288753.4569921605,35.9137025,-83.846677,3,6
loading_dock,-9333769.477403676,4288748.74251978,35.9136682,-83.8466778,3,6
loading_dock,-9333769.566459268,4288744.138007913,35.9136347,-83.8466786,3,6
loading_dock,-9333466.142923214,4288587.104703144,35.9124922,-83.8439529,3,6
loading_dock,-9333463.27088035,4288589.743668613,35.9125114,-83.8439271,3,6
loading_dock,-9333459.920163678,4288592.80871785,35.9125337,-83.843897,3,6
loading_dock,-9333456.970197171,4288595.516407805,35.9125534,-83.8438705,3,6
loading_dock,-9333453.73079999,4288598.498990923,35.9125751,-83.8438414,3,6
loading_dock,-9333356.526620628,4288467.595974662,35.9116227,-83.8429682,3,6
loading_dock,-9333354.21117522,4288469.753854955,35.9116384,-83.8429474,3,6
loading_dock,-9333350.994041936,4288472.750148041,35.9116602,-83.8429185,3,6
loading_dock,-9333347.46521408,4288476.048820288,35.9116842,-83.8428868,3,6
doctors,-9365062.967002435,4289455.936220919,35.9188132,-84.127792,2,-1
restaurant,-9357241.125245742,4290152.371100223,35.9238796,-84.0575272,0,-1
shelter,-9346622.39241482,4296054.999602774,35.9668068,-83.9621375,3,-1
parking_entrance,-9344419.324032275,4292200.572135379,35.9387779,-83.942347,3,-1
loading_dock,-9368417.056655882,4286926.978729275,35.9004129,-84.1579223,2,7
restaurant,-9366266.542204943,4286585.111624872,35.8979252,-84.1386039,2,-1
veterinary,-9367932.96158627,4286907.890396536,35.900274,-84.1535736,2,7
atm,-9367675.27922898,4286909.484525273,35.9002856,-84.1512588,2,7
loading_dock,-9367157.365298066,4286868.806830559,35.8999896,-84.1466063,2,7
dentist,-9359687.237472536,4281007.888688477,35.8573298,-84.079501,2,-1
restaurant,-9359711.00418382,4281111.835965928,35.8580866,-84.0797145,2,-1
pub,-9359702.332395487,4281072.168864527,35.8577978,-84.0796366,2,-1
loading_dock,-9368814.957043774,4287042.237790021,35.9012516,-84.1614967,2,7
loading_dock,-9368619.034739979,4286970.171530974,35.9007272,-84.1597367,2,7
restaurant,-9368608.515048098,4286964.289713975,35.9006844,-84.1596422,2,7
loading_dock,-9367371.143248186,4286816.846793804,35.8996115,-84.1485267,2,7
parking_entrance,-9343703.528574524,4294866.177574045,35.9581629,-83.9359169,3,0
parking_entrance,-9343698.16297507,4294868.680539066,35.9581811,-83.9358687,3,0
parking_entrance,-9343707.268909415,4294892.843807968,35.9583568,-83.9359505,3,0
parking_entrance,-9343715.272780804,4294889.226878127,35.9583305,-83.9360224,3,0
loading_dock,-9368045.349744175,4287292.3020668775,35.9030712,-84.1545832,2,7
parking_entrance,-9340843.57500876,4295825.336755793,35.965137,-83.9102255,3,0
parking_entrance,-9340849.998143377,4295836.174730412,35.9652158,-83.9102832,3,0
parking_entrance,-9340938.764305336,4296039.416265228,35.9666935,-83.9110806,3,0
parking_entrance,-9343759.4332228,4294703.279799598,35.9569784,-83.9364191,3,0
parking_entrance,-9343754.023095548,4294705.823984134,35.9569969,-83.9363705,3,0
fast_food,-9349764.140139582,4307914.959609554,36.0529885,-83.9903603,4,-1
restaurant,-9349777.44281873,4307901.314436615,36.0528894,-83.9904798,4,-1
boat_rental,-9340970.078478096,4295228.797204476,35.9607996,-83.9113619,3,0
veterinary,-9353082.128882164,4287390.49605802,35.9037857,-84.0201663,0,-1
restaurant,-9343503.754616348,4293977.276393366,35.9516991,-83.9341223,3,0
restaurant,-9343034.787865533,4294944.759948865,35.9587343,-83.9299095,3,0
waste_disposal,-9347466.884335876,4302094.2158181295,36.0107032,-83.9697237,4,8
waste_disposal,-9347315.289453315,4301897.163627881,36.0092713,-83.9683619,4,8
waste_disposal,-9347403.153927397,4301935.971025304,36.0095533,-83.9691512,4,8
restaurant,-9340214.976108149,4295028.225120431,35.9593412,-83.9045787,3,0
restaurant,-9341340.98388947,4294231.048212708,35.9535445,-83.9146938,3,0
bench,-9344159.726979746,4293337.413781338,35.9470459,-83.940015,3,0
bench,-9344156.699089596,4293333.274846022,35.9470158,-83.9399878,3,0
bench,-9344132.910114411,4293339.820139805,35.9470634,-83.9397741,3,0
bicycle_parking,-9344100.093128528,4293401.670610614,35.9475132,-83.9394793,3,0
toilets,-9349594.02169375,4289424.89845551,35.9185874,-83.9888321,0,-1
toilets,-9349584.503877286,4290001.585810818,35.9227827,-83.9887466,0,-1
toilets,-9350214.928417549,4289679.0588501785,35.9204364,-83.9944098,0,-1
toilets,-9350285.671953946,4289463.001517364,35.9188646,-83.9950453,0,-1
toilets,-9349765.542765163,4289874.569831893,35.9218587,-83.9903729,0,-1
theatre,-9349813.276562816,4289536.623829006,35.9194002,-83.9908017,0,-1
clinic,-9356703.663612243,4289516.417506383,35.9192532,-84.0526991,0,11
clinic,-9356666.171207745,4289475.441398725,35.9189551,-84.0523623,0,11
parking_space,-9342059.918556862,4295636.334120103,35.9637628,-83.9211521,3,0
parking_space,-9342027.391001651,4295567.044063651,35.963259,-83.9208599,3,0
parking_space,-9342016.114337234,4295558.53068705,35.9631971,-83.9207586,3,0
parking_entrance,-9342063.091162348,4295633.817224647,35.9637445,-83.9211806,3,0
parking_entrance,-9342033.4579139,4295572.46292073,35.9632984,-83.9209144,3,0
restaurant,-9355545.083747914,4290327.572789291,35.9251541,-84.0422914,0,11
bicycle_parking,-9356177.044497147,4289883.147487641,35.9219211,-84.0479684,0,11
bicycle_parking,-9367766.015745927,4286929.177531455,35.9004289,-84.1520739,2,7
bicycle_parking,-9359641.12893945,4281710.156451177,35.8624426,-84.0790868,2,-1
restaurant,-9354101.83768173,4290899.647618088,35.9293155,-84.0293265,0,-1
restaurant,-9341679.606648514,4295753.446048232,35.9646143,-83.9177357,3,0
clinic,-9364754.890311662,4287951.806146359,35.9078699,-84.1250245,2,-1
cafe,-9342088.549929893,4298697.503346894,35.986017,-83.9214093,1,0
parking_entrance,-9346620.978657287,4291433.546216158,35.933199,-83.9621248,0,-1
pub,-9345030.95784249,4301632.478861327,36.0073479,-83.9478414,4,-1
bank,-9338417.01048455,4299726.537368893,35.9934965,-83.8884273,1,-1
cafe,-9340264.012343843,4294962.335853581,35.9588621,-83.9050192,3,0
fuel,-9342175.74648703,4304503.085952621,36.0282054,-83.9221926,1,1
fast_food,-9343569.399720069,4294506.30671606,35.9555461,-83.934712,3,0
fast_food,-9343851.416518044,4294369.226669492,35.9545493,-83.9372454,3,0
restaurant,-9343832.592392152,4294375.3462775415,35.9545938,-83.9370763,3,0
fast_food,-9343589.80458273,4294496.515226795,35.9554749,-83.9348953,3,0
restaurant,-9343357.41401375,4294638.011355712,35.9565038,-83.9328077,3,0
cafe,-9343322.448561693,4294613.55985677,35.956326,-83.9324936,3,0
restaurant,-9343630.859210934,4294476.6847376535,35.9553307,-83.9352641,3,0
food_court,-9343668.7523656,4294495.153770419,35.955465,-83.9356045,3,0
fast_food,-9343704.040644184,4294478.967579914,35.9553473,-83.9359215,3,0
restaurant,-9341737.893533895,4295867.093275815,35.9654406,-83.9182593,3,0
restaurant,-9341743.13668191,4295876.789723889,35.9655111,-83.9183064,3,0
restaurant,-9341955.200311871,4296222.208984029,35.9680225,-83.9202114,3,0
restaurant,-9341798.328885445,4295917.92751689,35.9658102,-83.9188022,3,0
bar,-9341867.914699141,4295864.315004346,35.9654204,-83.9194273,3,0
restaurant,-9341667.59527546,4296479.664474352,35.9698943,-83.9176278,3,0
cafe,-9343771.477991706,4294446.622775302,35.9551121,-83.9365273,3,0
parking_entrance,-9343622.744020058,4294484.867216649,35.9553902,-83.9351912,3,0
parking_entrance,-9343597.285252512,4294491.701997949,35.9554399,-83.9349625,3,0
post_office,-9343821.471575022,4294383.528680205,35.9546533,-83.9369764,3,0
restaurant,-9341830.310975151,4296052.785199518,35.9667907,-83.9190895,3,0
restaurant,-9341925.84536215,4295738.454550659,35.9645053,-83.9199477,3,0
restaurant,-9342075.29177854,4296609.082246547,35.9708352,-83.9212902,3,0
restaurant,-9359290.439147603,4281254.29809084,35.8591238,-84.0759365,2,10
fast_food,-9359321.052007573,4281296.671730043,35.8594323,-84.0762115,2,10
restaurant,-9344068.634240428,4293711.107010481,35.9497635,-83.9391967,3,0
fast_food,-9344074.93492361,4293730.014777411,35.949901,-83.9392533,3,0
fast_food,-9344106.371547807,4293823.701529137,35.9505823,-83.9395357,3,0
clinic,-9344123.180790918,4293861.517487821,35.9508573,-83.9396867,3,0
restaurant,-9343954.776665244,4294321.782634183,35.9542043,-83.9381739,3,0
fast_food,-9343979.600911694,4294310.121059546,35.9541195,-83.9383969,3,0
restaurant,-9343978.688091869,4294378.619237868,35.9546176,-83.9383887,3,0
clinic,-9343738.783457259,4294464.074105622,35.955239,-83.9362336,3,0
restaurant,-9353037.422974661,4287612.71047781,35.9054026,-84.0197647,0,-1
clinic,-9353015.726805907,4287622.179669843,35.9054715,-84.0195698,0,-1
dentist,-9352963.44004108,4287643.619380385,35.9056275,-84.0191001,0,-1
fast_food,-9358169.652250398,4281688.137784461,35.8622823,-84.0658683,2,10
restaurant,-9358160.256885376,4281693.632145037,35.8623223,-84.0657839,2,10
restaurant,-9358230.410428474,4281651.380583535,35.8620147,-84.0664141,2,10
restaurant,-9358207.701252352,4281660.597343858,35.8620818,-84.0662101,2,10
animal_shelter,-9358301.77735402,4281615.296561183,35.861752,-84.0670552,2,10
fast_food,-9358287.350348014,4281622.068315683,35.8618013,-84.0669256,2,10
restaurant,-9358000.84737456,4281989.08173254,35.8644732,-84.0643519,2,10
restaurant,-9357985.273777798,4281975.757551349,35.8643762,-84.064212,2,10
restaurant,-9360083.957873825,4288714.916584016,35.9134221,-84.0830648,2,3
restaurant,-9360098.073185258,4288737.141902566,35.9135838,-84.0831916,2,3
fast_food,-9360090.19176531,4288919.811826174,35.9149128,-84.0831208,2,3
fast_food,-9360146.330184517,4288980.125188162,35.9153516,-84.0836251,2,3
restaurant,-9360137.71405593,4288978.283343988,35.9153382,-84.0835477,2,3
post_office,-9359868.4322077,4288930.931561695,35.9149937,-84.0811287,2,3
internet_cafe,-9359865.827331617,4288906.025569121,35.9148125,-84.0811053,2,3
restaurant,-9360508.753050692,4288681.104498207,35.9131761,-84.0868808,2,3
restaurant,-9361447.565976297,4288645.3407722665,35.9129159,-84.0953143,2,3
restaurant,-9361437.168735858,4288662.94772641,35.913044,-84.0952209,2,3
cafe,-9358375.459724978,4285911.152173203,35.8930207,-84.0677171,2,-1
dentist,-9358356.401828153,4285874.174588856,35.8927516,-84.0675459,2,-1
restaurant,-9358359.385190507,4285884.260621322,35.892825,-84.0675727,2,-1
restaurant,-9358349.756054552,4285856.40725468,35.8926223,-84.0674862,2,-1
restaurant,-9362011.989190467,4288430.2111102035,35.9113507,-84.1003846,2,3
place_of_worship,-9362013.52539944,4288447.639038377,35.9114775,-84.1003984,2,3
bar,-9362019.79268677,4288467.527252366,35.9116222,-84.1004547,2,3
car_rental,-9362033.518379986,4288490.301844782,35.9117879,-84.100578,2,3
restaurant,-9362040.609431548,4288532.071423391,35.9120918,-84.1006417,2,3
fast_food,-9361000.106151106,4288289.592941888,35.9103276,-84.0912947,2,3
cafe,-9361044.021690223,4288281.19521809,35.9102665,-84.0916892,2,3
restaurant,-9361244.16300272,4288234.808562732,35.909929,-84.0934871,2,3
restaurant,-9361216.377657818,4288243.659808509,35.9099934,-84.0932375,2,3
restaurant,-9360618.603124207,4288313.975240528,35.910505,-84.0878676,2,3
restaurant,-9360540.42344582,4288332.420059698,35.9106392,-84.0871653,2,3
restaurant,-9360835.898770235,4288528.539077033,35.9120661,-84.0898196,2,3
fast_food,-9360838.781945046,4288535.480069989,35.9121166,-84.0898455,2,3
pharmacy,-9358196.892129796,4281797.998050739,35.8630821,-84.066113,2,10
restaurant,-9343459.772285536,4294641.311899719,35.9565278,-83.9337272,3,0
restaurant,-9341583.716039145,4295548.449427426,35.9631238,-83.9168743,3,0
atm,-9343611.868105806,4294483.945827952,35.9553835,-83.9350935,3,0
atm,-9343612.847717324,4294541.333365788,35.9558008,-83.9351023,3,0
bar,-9341291.279736832,4296931.2922964,35.9731777,-83.9142473,3,0
restaurant,-9340397.907427369,4296406.889146717,35.9693652,-83.906222,3,0
fast_food,-9351235.127022872,4291845.560364401,35.9361958,-84.0035744,0,-1
restaurant,-9351248.273854734,4291680.026908813,35.9349918,-84.0036925,0,-1
fast_food,-9351300.360244477,4291641.3936329745,35.9347108,-84.0041604,0,-1
cafe,-9351289.52885802,4291651.828728462,35.9347867,-84.0040631,0,-1
post_office,-9350839.119066324,4291579.071986711,35.9342575,-84.000017,0,-1
fast_food,-9348412.331903132,4292757.455681639,35.9428281,-83.9782168,0,5
restaurant,-9348373.448004998,4292781.146758209,35.9430004,-83.9778675,0,5
restaurant,-9348424.654970763,4292745.135792241,35.9427385,-83.9783275,0,5
fast_food,-9348420.035211895,4292717.512341005,35.9425376,-83.978286,0,5
restaurant,-9348756.754407646,4292628.455032363,35.9418899,-83.9813108,0,5
fast_food,-9348774.031192617,4292448.747663317,35.9405829,-83.981466,0,5
restaurant,-9348754.405566392,4292445.28279145,35.9405577,-83.9812897,0,5
restaurant,-9348723.670254983,4292439.05427456,35.9405124,-83.9810136,0,5
restaurant,-9349437.395170202,4292255.349005471,35.9391763,-83.9874251,0,5
fast_food,-9350320.347975329,4307478.212448208,36.0498165,-83.9953568,4,-1
car_wash,-9346893.911784815,4300611.2172828335,35.9999262,-83.9645766,4,-1
restaurant,-9340304.332263406,4297775.094651921,35.9793119,-83.9053814,3,-1
restaurant,-9341496.6085376,4294343.950661992,35.9543655,-83.9160918,3,0
restaurant,-9357561.469344398,4289941.280528439,35.922344,-84.0604049,0,-1
ice_cream,-9365809.119285323,4286426.130659339,35.8967683,-84.1344948,2,-1
restaurant,-9362735.376637489,4287958.6505645,35.9079197,-84.1068829,2,3
cafe,-9367722.133602656,4287246.373145371,35.902737,-84.1516797,2,7
fast_food,-9352294.020283194,4301623.534131751,36.0072829,-84.0130866,4,4
fast_food,-9343315.980899276,4294617.080429154,35.9563516,-83.9324355,3,0
bar,-9341753.43373481,4296466.061186668,35.9697954,-83.9183989,3,0
cafe,-9346196.283667961,4294314.287870746,35.9541498,-83.9583097,3,-1
restaurant,-9356082.756888445,4290517.73408338,35.9265374,-84.0471214,0,11
bar,-9341677.85893251,4295764.8065913655,35.9646969,-83.91772,3,0
restaurant,-9348380.494528765,4292781.889253608,35.9430058,-83.9779308,0,5
parking_entrance,-9341317.595664456,4294387.640511768,35.9546832,-83.9144837,3,0
parking,-9341290.32238921,4295112.9424441,35.9599572,-83.9142387,3,0
bar,-9340256.041868301,4294966.544173016,35.9588927,-83.9049476,3,0
hospital,-9344722.346818164,4296005.196269716,35.9664447,-83.9450691,3,-1
fast_food,-9355990.2058638,4290285.645097862,35.9248491,-84.04629,0,11
hospital,-9353291.320469264,4293984.963444429,35.951755,-84.0220455,0,-1
